sample_start,sample_end,record_number,unique_storm_id,runoff_volume,percent_runoff_sampled,number_of_samples,comments,discrete,estimated,exclude,frozen,unique_storm_number,storm_start,storm_end,storm_type,storm_precipitation_inches,storm_erosivity_index,peak_discharge,storm_runoff_cubic_feet,storm_runoff_inches,suspended_sediment_80154_mg_l,flag_suspended_sediment,suspended_sediment_load_pounds,suspended_sediment_yield_pounds_per_acre,chloride_00940_mg_l,flag_chloride,chloride_load_pounds,chloride_yield_pounds_per_acre,no2_no3n_00631_mg_l,flag_no2_no3n,no2_no3n_load_pounds,no2_no3n_yield_pounds_per_acre,ammonium_n_00608_mg_l,flag_ammonium_n,ammonium_n_load_pounds,ammonium_n_yield_pounds_per_acre,tkn_unfiltered_00625_mg_l,flag_tkn_unfiltered,tkn_unfiltered_load_pounds,tkn_unfiltered_yield_pounds_per_acre,orthophosphate_00671_mg_l,flag_orthophosphate,orthophosphate_load_pounds,orthophosphate_yield_pounds_per_acre,tp_unfiltered_00665_mg_l,flag_tp_unfiltered,tp_unfiltered_load_pounds,tp_unfiltered_yield_pounds_per_acre,total_nitrogen_computed_mg_l,total_nitrogen_load_in_pounds,total_nitrogen_yield_pounds_per_acre,organic_nitrogen_computed_mg_l,organic_nitrogen_load_pounds,organic_nitrogen_yield_pounds_per_acre
2012-01-31 12:00,2012-01-31 20:15,20-12-1,East SW1-1,1547,99%,6,,0,0,0,1,1,2012-01-31 12:00,2012-01-31 21:00,snowmelt,,,0.09,1564,0.042,275,,26.8,2.6,13.4,,1.3,0.1,2.7,,0.26,0.03,0.57,,0.06,0.01,3.21,,0.31,0.03,0.3,,0.03,0,0.731,,0.07,0.01,5.9,0.58,0.06,2.6,0.26,0.03
,,,,,0%,,,0,1,0,1,2,2012-02-04 17:15,2012-02-04 19:15,,,,0.04,190,0.005,68,,0.8,0.1,3,,0,0,1.7,,0.02,0,0.47,,0.01,0,2.42,,0.03,0,0.074,,0,0,0.36,,0,0,4.1,0.05,0,2,0.02,0
2012-02-29 04:45,2012-02-29 11:00,54-12-7,East SW1-2a,1382,99%,12,,0,0,0,1,3,2012-02-29 04:30,2012-02-29 11:00,snowmelt,,,0.08,1400,0.037,68,HT,5.9,0.6,3,,0.3,0,1.7,,0.15,0.01,0.47,,0.04,0,2.42,,0.21,0.02,0.07,,0.01,0,0.36,,0.03,0,4.1,0.36,0.03,2,0.17,0.02
2012-02-29 11:00,2012-02-29 17:15,54-12-8,East SW1-2b,1261,100%,4,,0,0,0,1,3,2012-02-29 11:00,2012-02-29 17:30,rain/snowmelt,,,0.08,1261,0.034,892,HT,70.2,6.8,7.7,,0.6,0.1,3.4,,0.27,0.03,0.36,,0.03,0,2.21,,0.17,0.02,0.16,,0.01,0,0.636,,0.05,0,5.6,0.44,0.04,1.9,0.15,0.01
2012-03-06 21:15,2012-03-07 13:50,172-12-1,East SW1-3,5365,100%,8,,0,0,0,1,4,2012-03-06 21:00,2012-03-07 13:55,snowmelt,,,0.19,5365,0.144,2371,,794.2,77.1,17.4,,5.8,0.6,6,,2.01,0.2,0.23,,0.08,0.01,6.6,,2.21,0.21,0.18,,0.06,0.01,2.44,,0.82,0.08,12.6,4.22,0.41,6.4,2.13,0.21
2012-03-07 21:05,2012-03-08 05:30,172-12-2,East SW1-4,1106,99%,4,,0,0,0,1,5,2012-03-07 21:00,2012-03-08 05:45,rain/snowmelt,,,0.22,1115,0.03,3978,,276.8,26.9,27.8,,1.9,0.2,10,,0.7,0.07,0.48,,0.03,0,15,,1.04,0.1,0.22,,0.02,0,5.61,,0.39,0.04,25,1.74,0.17,14.5,1.01,0.1
2012-03-12 01:40,2012-03-12 11:45,71-12-7,East SW1-5a,1814,100%,10,lab may of split incorrectly,0,0,0,0,6,2012-03-12 01:35,2012-03-12 11:45,rain,,,0.12,1814,0.049,1659,HT,187.9,18.2,44.6,,5.1,0.5,16.6,,1.88,0.18,0.13,,0.01,0,6.72,,0.76,0.07,0.15,,0.02,0,1.876,,0.21,0.02,23.3,2.64,0.26,6.6,0.75,0.07
2012-03-12 11:45,2012-03-12 15:05,71-12-8,East SW1-5b,363,100%,3,lab may of split incorrectly,0,0,0,0,6,2012-03-12 11:45,2012-03-12 15:05,rain,,,0.05,363,0.01,322,HT,7.3,0.7,49.1,,1.1,0.1,18.3,,0.41,0.04,0.13,,0,0,2.91,,0.07,0.01,0.16,,0,0,0.571,,0.01,0,21.2,0.48,0.05,2.8,0.06,0.01
2012-03-12 15:05,2012-03-13 03:30,71-12-9,East SW1-5c,899,99%,5,lab may of split incorrectly,0,0,0,0,6,2012-03-12 15:05,2012-03-13 03:45,rain,,,0.11,907,0.024,740,HT,41.9,4.1,44.6,,2.5,0.2,18.4,,1.04,0.1,0.13,,0.01,0,3.18,,0.18,0.02,0.16,,0.01,0,0.789,,0.04,0,21.6,1.22,0.12,3.1,0.17,0.02
,,,,,0%,,,0,1,0,0,7,2012-03-30 07:50,2012-03-30 09:35,rain,,,0.02,52,0.001,740,,2.4,0.2,44.6,,0.1,0,18.4,,0.06,0.01,0.13,,0,0,3.18,,0.01,0,0.163,,0,0,0.789,,0,0,21.6,0.07,0.01,3.1,0.01,0
,,,,,0%,,,0,1,0,0,8,2012-04-15 07:20,2012-04-15 08:20,rain,,,0.04,69,0.002,2483,,10.7,1,30.5,,0.1,0,17.5,,0.08,0.01,0.1,,0,0,9,,0.04,0,0.13,,0,0,2.46,,0.01,0,26.5,0.11,0.01,8.9,0.04,0
2012-04-19 20:40,2012-04-20 22:00,180-12-8,East SW1-6,9737,153%,23,,0,0,0,0,9,2012-04-19 20:35,2012-04-20 02:55,rain,,,0.61,6350,0.17,2483,HT,984.4,95.6,30.5,,12.1,1.2,17.5,,6.94,0.67,0.1,,0.04,0,9,,3.57,0.35,0.13,,0.05,0.01,2.46,,0.98,0.09,26.5,10.51,1.02,8.9,3.53,0.34
2012-04-20 03:05,,180-12-9,,,0%,1,,1,0,0,0,10,2012-04-20 02:55,2012-04-20 22:15,rain,,,0.32,3396,0.091,734,HT,155.6,15.1,24.6,,5.2,0.5,20.8,,4.41,0.43,0.08,,0.02,0,2.68,,0.57,0.06,0.2,,0.04,0,0.957,,0.2,0.02,23.5,4.98,0.48,2.6,0.55,0.05
,,,,,0%,,,0,1,0,0,11,2012-04-29 23:55,2012-04-30 01:00,rain,,,0.01,17,0,6357,,6.9,0.7,23.9,,0,0,6,,0.01,0,0.15,,0,0,19.6,,0.02,0,0.077,,0,0,6.6,,0.01,0,25.6,0.03,0,19.5,0.02,0
2012-05-02 05:43,2012-05-02 07:01,206-12-9,East SW1-7,294,100%,3,lab may of split incorrectly,0,0,0,0,12,2012-05-02 05:42,2012-05-02 07:02,rain,,,0.23,294,0.008,6357,HT,116.6,11.3,23.9,,0.4,0,6,,0.11,0.01,0.15,,0,0,19.6,,0.36,0.03,0.08,,0,0,6.6,,0.12,0.01,25.6,0.47,0.05,19.5,0.36,0.03
2012-05-02 23:57,2012-05-03 09:50,206-12-10,32,34093,100%,19,lab may of split incorrectly,0,0,0,0,13,2012-05-02 23:56,2012-05-03 09:50,rain,,,8.09,34093,0.912,11906,HT,25340.7,2460.3,8.5,,18.1,1.8,7,,14.9,1.45,0.03,,0.06,0.01,30.4,,64.7,6.28,0.15,,0.32,0.03,9.52,,20.26,1.97,37.4,79.6,7.73,30.4,64.64,6.28
2012-05-03 09:51,2012-05-04 11:40,,East SW1-9,,,,,0,0,0,0,14,2012-05-03 09:50,2012-05-04 12:30,rain,,,8.43,20295,0.543,11906,,15084.9,1464.6,8.5,,10.8,1,7,,8.87,0.86,0.03,,0.04,0,30.4,,38.52,3.74,0.148,,0.19,0.02,9.52,,12.06,1.17,37.4,47.39,4.6,30.4,38.48,3.74
,,,,,0%,,,0,1,0,0,15,2012-05-05 03:31,2012-05-05 04:45,rain,,,0.03,52,0.001,8700,,28.2,2.7,14.8,,0,0,4,,0.01,0,0.19,,0,0,26.4,,0.09,0.01,0.188,,0,0,14.76,,0.05,0,30.4,0.1,0.01,26.2,0.08,0.01
2012-05-06 09:20,2012-05-07 18:15,206-12-11,East SW1-10,12830,100%,3,lab may of split incorrectly,0,0,0,0,16,2012-05-06 09:15,2012-05-07 18:30,rain,,,1.43,12830,0.343,8700,HT,6968.5,676.6,14.8,,11.9,1.2,4,,3.2,0.31,0.19,,0.15,0.01,26.4,,21.15,2.05,0.19,,0.15,0.01,14.76,,11.82,1.15,30.4,24.35,2.36,26.2,20.99,2.04
,,,,,0%,,,0,1,0,0,17,2012-05-08 18:45,2012-05-08 19:15,rain,,,0.03,17,0,8700,,9.4,0.9,14.8,,0,0,4,,0,0,0.19,,0,0,26.4,,0.03,0,0.188,,0,0,14.76,,0.02,0,30.4,0.03,0,26.2,0.03,0
,,,,,0%,,,0,1,0,0,18,2012-06-16 16:34,2012-06-16 16:45,rain,,,0.02,9,0,839,,0.5,0,347,,0.2,0,118,,0.06,0.01,9.6,,0.01,0,34.7,,0.02,0,1.23,,0,0,3.63,,0,0,152.7,0.08,0.01,25.1,0.01,0
,,,,,0%,,,0,1,0,0,19,2012-06-18 04:15,2012-06-18 04:56,rain,,,0.03,35,0.001,839,,1.8,0.2,347,,0.7,0.1,118,,0.25,0.02,9.6,,0.02,0,34.7,,0.07,0.01,1.23,,0,0,3.63,,0.01,0,152.7,0.33,0.03,25.1,0.05,0.01
,,,,,0%,,,0,1,0,0,20,2012-06-18 05:08,2012-06-18 05:39,rain,,,0.05,43,0.001,839,,2.3,0.2,347,,0.9,0.1,118,,0.32,0.03,9.6,,0.03,0,34.7,,0.09,0.01,1.23,,0,0,3.63,,0.01,0,152.7,0.41,0.04,25.1,0.07,0.01
,,,,,0%,,,0,1,0,0,21,2012-06-18 05:59,2012-06-18 07:30,rain,,,0.03,95,0.003,839,,5,0.5,347,,2.1,0.2,118,,0.7,0.07,9.6,,0.06,0.01,34.7,,0.21,0.02,1.23,,0.01,0,3.63,,0.02,0,152.7,0.91,0.09,25.1,0.15,0.01
2012-06-18 17:47,2012-06-19 06:15,294-12-1,ESW1-11,1348,99%,8,,0,0,0,0,22,2012-06-18 17:46,2012-06-19 06:30,rain,,,0.16,1356,0.036,839,HT,71,6.9,347,,29.4,2.9,118,,9.99,0.97,9.6,,0.81,0.08,34.7,,2.94,0.29,1.23,,0.1,0.01,3.63,,0.31,0.03,152.7,12.93,1.26,25.1,2.13,0.21
,,,,,0%,,,0,1,0,0,23,2012-06-20 23:16,2012-06-21 00:45,rain,,,0.02,78,0.002,839,,4.1,0.4,347,,1.7,0.2,118,,0.57,0.06,9.6,,0.05,0,34.7,,0.17,0.02,1.23,,0.01,0,3.63,,0.02,0,152.7,0.74,0.07,25.1,0.12,0.01
,,,,,0%,,,0,1,0,0,24,2012-06-22 16:06,2012-06-22 17:30,rain,,,0.03,43,0.001,839,,2.3,0.2,347,,0.9,0.1,118,,0.32,0.03,9.6,,0.03,0,34.7,,0.09,0.01,1.23,,0,0,3.63,,0.01,0,152.7,0.41,0.04,25.1,0.07,0.01
,,,,,0%,,,0,1,0,0,25,2012-07-03 06:55,2012-07-03 08:15,rain,,,0.63,337,0.009,2881,,60.6,5.9,17.2,,0.4,0,6.1,,0.13,0.01,0.44,,0.01,0,9.8,,0.21,0.02,0.337,,0.01,0,3.07,,0.06,0.01,15.9,0.33,0.03,9.4,0.2,0.02
,,,,,0%,,,0,1,0,0,26,2012-07-04 23:15,2012-07-05 01:00,rain,,,0.12,181,0.005,2881,,32.6,3.2,17.2,,0.2,0,6.1,,0.07,0.01,0.44,,0,0,9.8,,0.11,0.01,0.337,,0,0,3.07,,0.03,0,15.9,0.18,0.02,9.4,0.11,0.01
2012-07-17 15:43,2012-07-17 17:12,372-12-1,ESW1-12,726,100%,2,,0,0,0,0,27,2012-07-17 15:39,2012-07-17 17:15,rain,,,0.75,726,0.019,2881,,130.5,12.7,17.2,,0.8,0.1,6.1,,0.28,0.03,0.44,,0.02,0,9.8,,0.44,0.04,0.34,Q,0.02,0,3.07,,0.14,0.01,15.9,0.72,0.07,9.4,0.42,0.04
,,,,,0%,,,0,1,0,0,28,2012-07-17 22:51,2012-07-18 02:15,rain,,,0.27,441,0.012,2881,,79.3,7.7,17.2,,0.5,0,6.1,,0.17,0.02,0.44,,0.01,0,9.8,,0.27,0.03,0.337,,0.01,0,3.07,,0.08,0.01,15.9,0.44,0.04,9.4,0.26,0.02
,,,,,0%,,,0,1,0,0,29,2012-07-25 07:37,2012-07-25 08:00,rain,,,0.02,9,0,2988,,1.6,0.2,36.7,,0,0,6.3,,0,0,0.4,,0,0,10.8,,0.01,0,0.592,,0,0,3.09,,0,0,17.1,0.01,0,10.4,0.01,0
2012-07-25 19:27,2012-07-25 23:45,389-12-2,ESW1-13,1780,100%,6,,0,0,0,0,30,2012-07-25 19:27,2012-07-25 23:45,rain,,,1.21,1780,0.048,2988,,332,32.2,37,,4.1,0.4,6.3,,0.7,0.07,0.4,,0.04,0,10.8,,1.2,0.12,0.59,,0.07,0.01,3.09,,0.34,0.03,17.1,1.9,0.18,10.4,1.16,0.11
,,,,,0%,,,0,1,0,0,31,2012-07-26 03:35,2012-07-26 05:56,rain,,,0.04,216,0.006,1395,,18.8,1.8,55.1,,0.7,0.1,3.2,,0.04,0,0.24,,0,0,8.49,,0.11,0.01,0.974,,0.01,0,2.79,,0.04,0,11.7,0.16,0.02,8.3,0.11,0.01
2012-07-26 13:56,2012-07-26 17:30,430-12-1,ESW1-14,1028,99%,4,,0,0,0,0,32,2012-07-26 13:53,2012-07-26 17:31,rain,,,0.53,1037,0.028,1395,,90.3,8.8,55,,3.6,0.3,3.2,,0.21,0.02,0.24,,0.02,0,8.49,,0.55,0.05,0.97,,0.06,0.01,2.79,,0.18,0.02,11.7,0.76,0.07,8.3,0.53,0.05
,,,,,0%,,,0,1,0,0,33,2012-07-27 02:15,2012-07-27 05:10,rain,,,0.11,544,0.015,1395,,47.4,4.6,55.1,,1.9,0.2,3.2,,0.11,0.01,0.24,,0.01,0,8.49,,0.29,0.03,0.974,,0.03,0,2.79,,0.09,0.01,11.7,0.4,0.04,8.3,0.28,0.03
,,,,,0%,,,0,1,0,0,34,2012-07-27 07:48,2012-07-27 09:57,rain,,,0.12,415,0.011,1395,,36.1,3.5,55.1,,1.4,0.1,3.2,,0.08,0.01,0.24,,0.01,0,8.49,,0.22,0.02,0.974,,0.03,0,2.79,,0.07,0.01,11.7,0.3,0.03,8.3,0.21,0.02
,,,,,0%,,,0,1,0,0,35,2012-08-02 03:46,2012-08-02 04:30,rain,,,0.03,52,0.001,903,,2.9,0.3,20.4,,0.1,0,0.8,,0,0,0.08,,0,0,4.79,,0.02,0,0.55,,0,0,1.64,,0.01,0,5.6,0.02,0,4.7,0.02,0
,,,,,0%,,,0,1,0,0,36,2012-08-02 11:30,2012-08-02 13:00,rain,,,0.04,121,0.003,903,,6.8,0.7,20.4,,0.2,0,0.8,,0.01,0,0.08,,0,0,4.79,,0.04,0,0.55,,0,0,1.64,,0.01,0,5.6,0.04,0,4.7,0.04,0
2012-08-04 16:49,2012-08-04 19:26,430-12-8,ESW1-15,1002,100%,6,,0,0,0,0,37,2012-08-04 16:48,2012-08-04 19:27,rain,,,0.75,1002,0.027,903,,56.5,5.5,20,,1.3,0.1,0.8,,0.05,0,0.08,,0.01,0,4.79,,0.3,0.03,0.55,,0.03,0,1.64,,0.1,0.01,5.6,0.35,0.03,4.7,0.29,0.03
2012-08-09 07:42,2012-08-10 15:45,443-12-7,EST1-11,8692,100%,19,,0,0,0,0,38,2012-08-09 07:40,2012-08-10 16:00,rain,,,0.42,8692,0.232,115,HT,62.4,6.1,35,,19.2,1.9,7.2,,3.91,0.38,0.14,,0.08,0.01,4.44,,2.41,0.23,1.14,,0.62,0.06,1.767,,0.96,0.09,11.6,6.32,0.61,4.3,2.33,0.23
,,,,,0%,,,0,1,0,0,39,2012-08-16 08:47,2012-08-16 11:15,rain,,,0.07,181,0.005,903,,10.2,1,20.4,,0.2,0,0.8,,0.01,0,0.08,,0,0,4.79,,0.05,0.01,0.55,,0.01,0,1.64,,0.02,0,5.6,0.06,0.01,4.7,0.05,0.01
,,,,,0%,,,0,1,0,0,40,2012-08-26 11:53,2012-08-26 12:45,rain,,,0.01,9,0,903,,0.5,0,20.4,,0,0,0.8,,0,0,0.08,,0,0,4.79,,0,0,0.55,,0,0,1.64,,0,0,5.6,0,0,4.7,0,0
2012-10-14 04:45,2012-10-15 18:30,572-12-1,ESW1-17,10938,100%,17,,0,0,0,0,41,2012-10-14 04:30,2012-10-15 18:45,rain,,,0.49,10947,0.293,199,HT,136,13.2,26.3,,18,1.7,3.5,,2.39,0.23,0.05,,0.03,0,3.01,,2.06,0.2,1.06,,0.72,0.07,1.34,,0.92,0.09,6.5,4.45,0.43,3,2.02,0.2
2012-10-17 21:28,2012-10-18 13:13,572-12-11,ESW1-18,6204,86%,19,,0,0,0,0,42,2012-10-17 21:15,2012-10-19 15:00,rain,,,0.56,7232,0.193,314,HT,141.8,13.8,35.9,,16.2,1.6,3.8,,1.72,0.17,0.08,,0.04,0,4.05,,1.83,0.18,1.11,,0.5,0.05,1.54,,0.7,0.07,7.9,3.54,0.34,4,1.79,0.17
,,,,,,,,0,1,0,0,43,2012-10-25 17:46,2012-10-26 02:15,rain,,,0.14,1132,0.03,314,,22.2,2.2,35.9,,2.5,0.2,3.8,,0.27,0.03,0.08,,0.01,0,4.05,,0.29,0.03,1.11,,0.08,0.01,1.54,,0.11,0.01,7.9,0.55,0.05,4,0.28,0.03
2012-11-11 17:41,2012-11-12 10:00,625-12-1,ESW1-19,1547,99%,6,,0,0,0,0,44,2012-11-11 17:30,2012-11-12 10:15,rain,,,0.08,1555,0.042,705,HT,68.4,6.6,91.6,,8.9,0.9,5.4,,0.52,0.05,1.34,,0.13,0.01,10.1,,0.98,0.1,0.89,,0.09,0.01,2.85,,0.28,0.03,15.5,1.5,0.15,8.8,0.85,0.08
,,,,,,,,0,1,0,0,45,2012-12-15 10:30,2012-12-16 03:45,rain,,,0.05,1149,0.031,705,,50.6,4.9,91.6,,6.6,0.6,5.4,,0.39,0.04,1.34,,0.1,0.01,10.1,,0.72,0.07,0.892,,0.06,0.01,2.85,,0.2,0.02,15.5,1.11,0.11,8.8,0.63,0.06
,,,,,,,,0,1,0,1,46,2012-12-28 00:30,2012-12-28 11:30,snowmelt,,,0.05,1106,0.03,705,,48.7,4.7,91.6,,6.3,0.6,5.4,,0.37,0.04,1.34,,0.09,0.01,10.1,,0.7,0.07,0.892,,0.06,0.01,2.85,,0.2,0.02,15.5,1.07,0.1,8.8,0.6,0.06
2013-01-10 20:00,2013-01-13 14:30,029-13-5,ESW1-20,16796,100%,14,,0,0,0,1,47,2013-01-10 19:55,2013-01-13 14:45,rain/snowmelt,,,0.21,16796,0.449,152,,159.4,15.5,97.2,,101.9,9.9,39.6,,41.52,4.03,0.59,,0.62,0.06,2.9,,3.04,0.3,0.54,,0.57,0.06,0.866,,0.91,0.09,42.5,44.56,4.33,2.3,2.42,0.24
2013-01-29 01:00,2013-01-30 06:45,038-13-1,ESW1-21,14524,100%,10,,0,0,0,1,48,2013-01-29 00:00,2013-01-30 08:15,rain/snowmelt,,,0.6,14524,0.388,135,,122.4,11.9,11.8,,10.7,1,5.6,,5.08,0.49,0.78,,0.71,0.07,3.43,,3.11,0.3,0.74,,0.67,0.07,1,,0.91,0.09,9,8.19,0.79,2.7,2.4,0.23
2013-02-11 09:04,,062-13-1,ESW1-3,,0%,,estimated event for Q,1,0,0,1,49,2013-02-10 18:00,2013-02-11 10:20,,,,0.22,8312,0.222,2,<,0.5,0.1,1.9,,1,0.1,1.3,,0.67,0.07,0.59,,0.31,0.03,1.14,,0.59,0.06,0.19,,0.1,0.01,0.247,,0.13,0.01,2.4,1.27,0.12,0.6,0.29,0.03
2013-03-09 21:15,2013-03-13 00:35,090-13-9,ESW1-22,45870,100%,22,,0,0,0,1,50,2013-03-09 21:10,2013-03-13 00:40,rain/snowmelt,,,0.88,45870,1.227,147,HT,420.9,40.9,4.5,,12.9,1.3,1.1,,3.15,0.31,0.55,,1.57,0.15,1.29,,3.69,0.36,0.17,,0.5,0.05,0.277,,0.79,0.08,2.4,6.84,0.66,0.7,2.12,0.21
,,,,,,,,0,1,0,1,51,2013-03-26 12:15,2013-03-27 10:00,,,,0.03,795,0.021,2,<,0,0,1.9,,0.1,0,1.3,,0.06,0.01,0.59,,0.03,0,1.14,,0.06,0.01,0.192,,0.01,0,0.247,,0.01,0,2.4,0.12,0.01,0.6,0.03,0
2013-03-27 10:00,2013-03-28 09:29,114-13-4,ESW1-23a,17107,100%,10,,0,0,0,1,52,2013-03-27 10:00,2013-03-28 09:29,snowmelt,,,0.66,17107,0.458,87,HT,92.9,9,7.9,,8.4,0.8,2,,2.14,0.21,0.85,,0.91,0.09,2.83,,3.02,0.29,0.33,,0.36,0.03,0.543,,0.58,0.06,4.8,5.16,0.5,2,2.11,0.21
2013-03-28 09:29,2013-03-30 09:28,114-13-5,ESW1-23b,33057,100%,22,,0,0,0,1,53,2013-03-28 09:29,2013-03-30 09:28,rain/snowmelt,,,0.79,33057,0.884,699,HT,1442.5,140,16.1,,33.2,3.2,2.5,,5.16,0.5,1.06,,2.19,0.21,4.43,,9.14,0.89,0.46,,0.95,0.09,1.12,,2.31,0.22,6.9,14.3,1.39,3.4,6.95,0.68
2013-03-30 09:28,2013-04-01 00:26,114-13-6,ESW1-23c,25091,100%,11,,0,0,0,1,54,2013-03-30 09:28,2013-04-01 00:26,rain/snowmelt,,,0.48,25091,0.671,1999,HT,3131.2,304,29,,45.4,4.4,4.7,,7.36,0.71,1.42,,2.22,0.22,10.2,,15.98,1.55,0.63,,0.99,0.1,2.78,,4.35,0.42,14.9,23.34,2.27,8.8,13.75,1.34
,,,,,,,,0,1,0,1,55,2013-04-01 00:26,2013-04-06 09:12,,,,0.11,13789,0.369,346,,297.9,28.9,33,,28.4,2.8,4.8,,4.13,0.4,1.7,,1.46,0.14,4.9,,4.22,0.41,0.738,,0.64,0.06,1.26,,1.08,0.11,9.7,8.35,0.81,3.2,2.75,0.27
2013-04-06 09:12,2013-04-07 08:12,133-13-1,ESW1-23d,3534,100%,5,,0,0,0,1,56,2013-04-06 09:12,2013-04-07 08:12,rain/snowmelt,,,0.08,3534,0.095,219,HT,48.3,4.7,79.8,,17.6,1.7,1.6,,0.35,0.03,1.08,,0.24,0.02,5.3,,1.17,0.11,0.87,,0.19,0.02,1.68,,0.37,0.04,6.9,1.52,0.15,4.2,0.93,0.09
,,,,,,,,0,1,0,1,57,2013-04-07 08:12,2013-04-08 09:12,,,,0.03,1668,0.045,346,,36,3.5,33,,3.4,0.3,4.8,,0.5,0.05,1.7,,0.18,0.02,4.9,,0.51,0.05,0.738,,0.08,0.01,1.26,,0.13,0.01,9.7,1.01,0.1,3.2,0.33,0.03
2013-04-08 09:12,2013-04-09 09:41,133-13-2,ESW1-24a,3292,100%,3,,0,0,0,1,58,2013-04-08 09:12,2013-04-09 09:41,rain/snowmelt,,,0.08,3292,0.088,358,HT,73.6,7.1,84.3,,17.3,1.7,5.2,,1.07,0.1,0.91,,0.19,0.02,5.9,,1.21,0.12,0.69,,0.14,0.01,1.53,,0.31,0.03,11.1,2.28,0.22,5,1.03,0.1
2013-04-09 09:42,2013-04-09 23:56,133-13-3,ESW1-24b,10377,100%,8,,0,0,0,1,59,2013-04-09 09:41,2013-04-09 23:56,rain/snowmelt,,,1.06,10377,0.278,2464,HT,1596.2,155,58.8,,38.1,3.7,14.6,,9.46,0.92,0.88,,0.57,0.06,16,,10.36,1.01,0.58,,0.38,0.04,4.71,,3.05,0.3,30.6,19.82,1.92,15.1,9.79,0.95
2013-04-09 23:57,2013-04-11 08:42,142-13-9,ESW1-24c,33411,100%,15,,0,0,0,1,60,2013-04-09 23:56,2013-04-11 08:42,rain/snowmelt,,,1.4,33411,0.894,778,HT,1622.7,157.5,47.5,,99.1,9.6,20.4,,42.55,4.13,0.86,,1.79,0.17,5.5,,11.47,1.11,0.56,,1.17,0.11,1.4,,2.92,0.28,25.9,54.02,5.24,4.6,9.68,0.94
2013-04-11 08:43,2013-04-13 23:18,147-13-1,ESW1-24d,16330,100%,12,,0,0,0,1,61,2013-04-11 08:42,2013-04-13 23:18,rain/snowmelt,,,0.18,16330,0.437,239,HT,243.6,23.7,65.1,,66.4,6.4,21.1,,21.51,2.09,0.7,,0.71,0.07,3.49,,3.56,0.35,0.5,,0.51,0.05,0.837,,0.85,0.08,24.6,25.07,2.43,2.8,2.84,0.28
2013-04-12 08:28,,142-13-12,ESW1-13grab,,,,,1,0,0,1,62,2013-04-13 23:18,2013-04-15 01:47,snomelt,,,0.03,1521,0.041,270,HT,25.6,2.5,67,,6.4,0.6,16.5,,1.57,0.15,0.71,,0.07,0.01,3.7,,0.35,0.03,0.44,,0.04,0,0.8,,0.08,0.01,20.2,1.92,0.19,3,0.28,0.03
2013-04-15 01:47,2013-04-15 18:00,147-13-2,ESW1-24e,7914,100%,6,,0,0,0,1,63,2013-04-15 01:47,2013-04-15 18:00,rain,,,0.57,7914,0.212,2981,HT,1472.8,143,56,,27.6,2.7,17.1,,8.45,0.82,0.56,,0.28,0.03,12.9,,6.37,0.62,0.51,,0.25,0.02,3.55,,1.75,0.17,30,14.82,1.44,12.3,6.1,0.59
,,,,,,,,0,1,0,1,64,2013-04-15 18:00,2013-04-17 13:15,,,,0.03,994,0.027,270,,16.7,1.6,67,,4.2,0.4,16.5,,1.02,0.1,0.71,,0.04,0,3.7,,0.23,0.02,0.439,,0.03,0,0.8,,0.05,0,20.2,1.25,0.12,3,0.19,0.02
2013-04-17 13:15,2013-04-19 21:30,147-13-3,ESW1-25,7102,100%,6,,0,0,0,1,65,2013-04-17 13:15,2013-04-19 21:45,rain,,,0.12,7102,0.19,235,HT,104.2,10.1,84,,37.1,3.6,12.2,,5.41,0.53,0.44,,0.2,0.02,3.29,,1.46,0.14,0.5,,0.22,0.02,0.928,,0.41,0.04,15.5,6.87,0.67,2.9,1.26,0.12
,,,,,,,,0,1,0,0,66,2013-04-30 05:16,2013-04-30 07:15,rain,,,0.02,52,0.001,235,,0.8,0.1,83.7,,0.3,0,12.2,,0.04,0,0.44,,0,0,3.29,,0.01,0,0.502,,0,0,0.928,,0,0,15.5,0.05,0,2.9,0.01,0
,,,,,,,,0,1,0,0,67,2013-05-02 15:54,2013-05-02 17:00,rain,,,0.02,35,0.001,235,,0.5,0,83.7,,0.2,0,12.2,,0.03,0,0.44,,0,0,3.29,,0.01,0,0.502,,0,0,0.928,,0,0,15.5,0.03,0,2.9,0.01,0
2013-05-02 17:55,2013-05-06 08:00,215-13-7,ESW1-26,26153,,27,,0,0,0,0,68,2013-05-02 17:53,2013-05-06 08:15,rain,,,0.66,26162,0.7,1094,HT,1786.8,173.5,54,,88.5,8.6,19.3,,31.52,3.06,0.32,,0.52,0.05,4.84,HT,7.9,0.77,0.57,,0.93,0.09,1.65,HT,2.69,0.26,24.1,39.43,3.83,4.5,7.38,0.72
,,,,,,,,0,1,0,0,69,2013-05-09 17:45,2013-05-12 10:30,rain,,,0.06,2843,0.076,235,,41.7,4,83.7,,14.9,1.4,12.2,,2.16,0.21,0.44,,0.08,0.01,3.29,,0.58,0.06,0.502,,0.09,0.01,0.928,,0.16,0.02,15.5,2.75,0.27,2.9,0.51,0.05
,,,,,,,,0,1,0,0,70,2013-05-22 22:13,2013-05-23 07:15,rain,,,0.01,147,0.004,235,,2.2,0.2,83.7,,0.8,0.1,12.2,,0.11,0.01,0.44,,0,0,3.29,,0.03,0,0.502,,0,0,0.928,,0.01,0,15.5,0.14,0.01,2.9,0.03,0
,,,,,,,,0,1,0,0,71,2013-06-06 10:01,2013-06-06 12:15,rain,,,0.01,43,0.001,235,,0.6,0.1,83.7,,0.2,0,12.2,,0.03,0,0.44,,0,0,3.29,,0.01,0,0.502,,0,0,0.928,,0,0,15.5,0.04,0,2.9,0.01,0
,,,,,,,,0,1,0,0,72,2013-06-27 04:06,2013-06-27 09:00,rain,,,0.04,207,0.006,235,,3,0.3,83.7,,1.1,0.1,12.2,,0.16,0.02,0.44,,0.01,0,3.29,,0.04,0,0.502,,0.01,0,0.928,,0.01,0,15.5,0.2,0.02,2.9,0.04,0
2013-07-08 06:20,2013-07-08 15:15,376-13-9,ESW1-27,7024,,13,,0,0,0,0,73,2013-07-08 06:19,2013-07-08 15:15,rain,,,2.21,7024,0.188,3185,HT,1396.7,135.6,79,,34.8,3.4,37.6,,16.49,1.6,0.27,,0.12,0.01,10.6,,4.65,0.45,0.49,,0.21,0.02,3.15,,1.38,0.13,48.2,21.14,2.05,10.3,4.53,0.44
2013-07-08 16:15,,376-13-10,ESW1-15,,,,,1,0,0,0,74,2013-07-08 15:15,2013-07-10 08:15,rain,,,0.04,1607,0.043,5,HT,0.5,0,116,,11.6,1.1,41.7,,4.18,0.41,0.11,,0.01,0,3.25,,0.33,0.03,0.52,,0.05,0.01,0.638,,0.06,0.01,45,4.51,0.44,3.1,0.32,0.03
,,,,,,,,0,1,0,0,75,2013-07-26 20:09,2013-07-26 22:00,rain,,,0.79,588,0.016,5,,0.2,0,116,,4.3,0.4,41.7,,1.53,0.15,0.11,,0,0,3.25,,0.12,0.01,0.519,,0.02,0,0.638,,0.02,0,45,1.65,0.16,3.1,0.12,0.01
,,,,,,,,0,1,0,0,76,2013-10-05 17:45,2013-10-05 18:15,,,,0.13,121,0.003,558,,4.2,0.4,17.2,,0.1,0,0.7,,0.01,0,0.32,,0,0,4.51,,0.03,0,0.623,,0,0,1.78,,0.01,0,5.2,0.04,0,4.2,0.03,0
2013-10-31 23:13,2013-11-01 05:00,654-13-16,ESW1-28,484,,5,,0,0,0,0,77,2013-10-31 23:07,2013-11-01 05:15,,,,0.06,484,0.013,558,HT,16.9,1.6,17,,0.5,0.1,0.7,,0.02,0,0.32,,0.01,0,4.51,,0.14,0.01,0.62,,0.02,0,1.78,,0.05,0.01,5.2,0.16,0.02,4.2,0.13,0.01
,,,,,,,,0,1,0,0,78,2013-11-01 19:18,2013-11-01 23:00,,,,0.01,78,0.002,304,,1.5,0.1,17.3,,0.1,0,1.7,,0.01,0,0.05,,0,0,2.94,,0.01,0,0.454,,0,0,,,0,0,4.6,0.02,0,2.9,0.01,0
2013-11-05 19:45,2013-11-06 16:15,654-13-17,ESW1-29,1313,,4,,0,0,0,0,79,2013-11-05 19:43,2013-11-06 16:30,,,,0.04,1313,0.035,304,HT,24.9,2.4,17,,1.4,0.1,1.7,,0.14,0.01,0.05,,0,0,2.94,,0.24,0.02,0.45,,0.04,0,1.09,,0.09,0.01,4.6,0.38,0.04,2.9,0.24,0.02
,,,,,,,,0,1,0,0,80,2013-11-09 01:39,2013-11-09 06:30,,,,0.02,104,0.003,304,,2,0.2,17.3,,0.1,0,1.7,,0.01,0,0.05,,0,0,2.94,,0.02,0,0.454,,0,0,1.09,,0.01,0,4.6,0.03,0,2.9,0.02,0
2013-11-17 10:14,2013-11-18 21:15,669-13-1,ESW1-30,2290,,11,,0,0,0,0,81,2013-11-17 10:02,2013-11-18 21:30,,,,0.11,2290,0.061,250,HT,35.7,3.5,137,,19.6,1.9,0.1,<,0.01,0,0.76,,0.11,0.01,11.57,,1.65,0.16,0.22,,0.03,0,1.81,,0.26,0.03,11.6,1.66,0.16,10.8,1.55,0.15
,,,,,,,,0,1,0,0,82,2013-12-04 23:45,2013-12-05 05:30,,,,0.03,138,0.004,250,,2.2,0.2,137,,1.2,0.1,0.1,<,0,0,0.76,,0.01,0,11.57,,0.1,0.01,0.216,,0,0,1.81,,0.02,0,11.6,0.1,0.01,10.8,0.09,0.01
,,,,,,,,0,1,0,1,83,2014-01-10 23:45,2014-01-11 13:30,,,,0.05,1279,0.034,2,<,0.1,0,25.9,,2.1,0.2,2.5,,0.2,0.02,3.06,,0.24,0.02,5.09,,0.41,0.04,1.16,,0.09,0.01,1.33,,0.11,0.01,7.6,0.61,0.06,2,0.16,0.02
,,,,,,,,0,1,0,1,84,2014-02-20 19:45,2014-02-21 00:00,,,,0,0,0,2,<,0,0,25.9,,0,0,2.5,,0,0,3.06,,0,0,5.09,,0,0,1.16,,0,0,1.33,,0,0,7.6,0,0,2,0,0
2014-03-10 14:00,2014-03-14 02:14,71-14-1,ESW1-31a,6437,,14,,0,0,0,1,85,2014-03-10 13:45,2014-03-14 02:14,,,,0.05,6437,0.172,2,<,0.4,0,26,,10.4,1,2.5,,1,0.1,3.06,,1.23,0.12,5.09,,2.05,0.2,1.16,,0.47,0.05,1.33,,0.53,0.05,7.6,3.05,0.3,2,0.82,0.08
2014-03-14 02:14,2014-03-18 10:45,71-14-2,ESW1-31b,13427,,11,,0,0,0,1,86,2014-03-14 02:14,2014-03-18 10:45,,,,0.12,13427,0.359,32,HT,26.8,2.6,49,,41,4,1.2,,1.01,0.1,6.2,,5.2,0.5,15,,12.57,1.22,2.85,,2.39,0.23,3.7,,3.1,0.3,16.2,13.58,1.32,8.8,7.38,0.72
2014-03-18 10:45,2014-03-22 10:16,81-14-3,ESW1-31c,9132,,18,,0,0,0,1,87,2014-03-18 10:45,2014-03-22 10:16,,,,0.12,9132,0.244,17,HT,9.7,0.9,44,,25.3,2.5,0.9,,0.51,0.05,5.53,,3.15,0.31,9.6,,5.47,0.53,2.01,,1.15,0.11,2.48,,1.41,0.14,10.5,5.99,0.58,4.1,2.32,0.23
2014-03-22 10:16,2014-03-27 11:15,,ESW1-31d,3923,,,,0,1,0,1,88,2014-03-22 10:16,2014-03-27 11:15,,,,0.08,3923,0.105,17,,4.2,0.4,44.3,,10.8,1.1,0.9,,0.22,0.02,5.53,,1.35,0.13,9.6,,2.35,0.23,2.01,,0.49,0.05,2.48,,0.61,0.06,10.5,2.57,0.25,4.1,1,0.1
2014-03-27 11:15,2014-03-28 07:49,81-14-4,ESW1-32a,5746,,12,,0,0,0,1,89,2014-03-27 11:15,2014-03-28 07:49,,,,0.26,5746,0.154,356,HT,127.7,12.4,30,,10.7,1,2.5,,0.9,0.09,3.39,,1.22,0.12,8.4,,3.01,0.29,1.22,,0.44,0.04,2.16,,0.77,0.08,10.9,3.91,0.38,5,1.8,0.17
2014-03-28 07:49,2014-03-30 04:30,81-14-5,ESW1-32b,15224,,9,,0,0,0,1,90,2014-03-28 07:49,2014-03-30 04:30,,,,0.35,15224,0.407,239,HT,227.1,22.1,39,,37.4,3.6,1.4,,1.33,0.13,4.36,,4.14,0.4,9.4,,8.93,0.87,1.65,,1.57,0.15,2.32,,2.2,0.21,10.8,10.26,1,5,4.79,0.47
,,,,,,,,0,1,0,1,91,2014-03-30 04:30,2014-04-07 03:45,,,,0.06,3491,0.093,901,,196.3,19.1,78.4,,17.1,1.7,17.3,,3.77,0.37,1.59,,0.35,0.03,8.9,,1.94,0.19,0.741,,0.16,0.02,2.05,,0.45,0.04,26.2,5.71,0.55,7.3,1.59,0.15
2014-04-12 12:50,2014-04-13 01:44,148-14-13,ESW1-33a,3093,,8,,0,0,0,0,92,2014-04-12 12:46,2014-04-13 01:44,,,,0.26,3093,0.083,1821,HT,351.6,34.1,75,,14.5,1.4,9.7,,1.87,0.18,1.54,,0.3,0.03,11.9,HT,2.3,0.22,0.56,,0.11,0.01,3.19,HT,0.62,0.06,21.6,4.17,0.4,10.4,2,0.19
2014-04-13 01:44,2014-04-13 18:25,148-14-14,ESW1-33b,5530,,10,,0,0,0,0,93,2014-04-13 01:44,2014-04-13 18:25,,,,0.4,5530,0.148,901,HT,311,30.2,78,,27.1,2.6,17.3,,5.97,0.58,1.59,,0.55,0.05,8.9,HT,3.07,0.3,0.74,,0.26,0.02,2.05,HT,0.71,0.07,26.2,9.04,0.88,7.3,2.52,0.24
2014-04-13 18:25,2014-04-14 06:43,148-14-15,ESW1-33c,21349,,8,,0,0,0,0,94,2014-04-13 18:25,2014-04-14 06:43,,,,1.26,21349,0.571,1638,HT,2183.1,212,57,,76.2,7.4,12.8,,17.06,1.66,1.5,,2,0.19,9.5,HT,12.66,1.23,1.05,,1.4,0.14,2.82,HT,3.76,0.36,22.3,29.72,2.89,8,10.66,1.04
2014-04-14 06:43,2014-04-14 22:00,148-14-19,ESW1-33d,6480,,7,,0,0,0,0,95,2014-04-14 06:43,2014-04-14 22:00,,,,0.2,6480,0.173,338,HT,136.7,13.3,61,,24.7,2.4,12.3,,4.98,0.48,1.61,,0.65,0.06,6.3,HT,2.55,0.25,0.94,,0.38,0.04,1.43,HT,0.58,0.06,18.6,7.52,0.73,4.7,1.9,0.18
,,,,,,,,0,1,0,0,96,2014-04-14 22:00,2014-04-15 04:30,,,,0.02,216,0.006,338,,4.6,0.4,61,,0.8,0.1,12.3,,0.17,0.02,1.61,,0.02,0,6.3,,0.08,0.01,0.937,,0.01,0,1.43,,0.02,0,18.6,0.25,0.02,4.7,0.06,0.01
,,,,,,,,0,1,0,0,97,2014-04-29 02:46,2014-04-30 10:15,,,,0.05,1547,0.041,338,,32.6,3.2,61,,5.9,0.6,12.3,,1.19,0.12,1.61,,0.16,0.02,6.3,,0.61,0.06,0.937,,0.09,0.01,1.43,,0.14,0.01,18.6,1.8,0.17,4.7,0.45,0.04
2014-05-12 05:25,2014-05-13 14:30,201-14-10,ESW1-34,11310,,,,0,0,0,0,98,2014-05-12 05:25,2014-05-13 14:30,,,,0.7,11310,0.302,1021,HT,720.9,70,52,,36.6,3.6,9.4,,6.64,0.64,0.26,,0.18,0.02,7,HT,4.94,0.48,0.57,,0.4,0.04,1.92,HT,1.36,0.13,16.4,11.58,1.12,6.7,4.76,0.46
,,,,,,,,0,1,0,0,99,2014-05-19 21:57,2014-05-20 06:30,,,,0.08,492,0.013,338,,10.4,1,61,,1.9,0.2,12.3,,0.38,0.04,1.61,,0.05,0,6.3,,0.19,0.02,0.937,,0.03,0,1.43,,0.04,0,18.6,0.57,0.06,4.7,0.14,0.01
2014-06-01 19:00,2014-06-01 20:47,,ESW1-35a,104,,,,0,1,0,0,100,2014-06-01 18:59,2014-06-01 20:47,,,,0.04,104,0.003,338,,2.2,0.2,61,,0.4,0,12.3,,0.08,0.01,1.61,,0.01,0,6.3,,0.04,0,0.937,,0.01,0,1.43,,0.01,0,18.6,0.12,0.01,4.7,0.03,0
2014-06-01 20:47,2014-06-01 21:59,255-14-6,ESW1-35b,700,,,,0,0,0,0,101,2014-06-01 20:47,2014-06-01 21:59,,,,0.26,700,0.019,3053,HT,133.4,12.9,65,,2.8,0.3,10.6,,0.46,0.04,0.37,,0.02,0,13.8,,0.6,0.06,0.37,,0.02,0,3.95,,0.17,0.02,24.4,1.07,0.1,13.4,0.59,0.06
2014-06-01 21:59,2014-06-02 03:13,255-14-7,ESW1-35c,8545,,,,0,0,0,0,102,2014-06-01 21:59,2014-06-02 03:13,,,,0.79,8545,0.229,14072,HT,7506.7,728.8,70,,37.3,3.6,13.9,,7.41,0.72,0.59,,0.31,0.03,48,,25.61,2.49,0.52,,0.28,0.03,15.5,,8.27,0.8,61.9,33.02,3.21,47.4,25.29,2.46
2014-06-02 03:13,2014-06-02 10:32,255-14-8,ESW1-35d,11344,,,,0,0,0,0,103,2014-06-02 03:13,2014-06-02 10:32,,,,1.99,11344,0.303,9075,HT,6427,624,54,,38.5,3.7,10,,7.08,0.69,0.52,,0.37,0.04,28.1,,19.9,1.93,0.6,,0.42,0.04,8.58,,6.08,0.59,38.1,26.98,2.62,27.6,19.53,1.9
2014-06-02 10:32,2014-06-03 01:30,255-14-9,ESW1-35e,24304,,,,0,0,0,0,104,2014-06-02 10:32,2014-06-03 01:31,,,,3.52,24304,0.65,22417,HT,34012.8,3302.2,32,,48.2,4.7,4.2,,6.37,0.62,0.4,,0.61,0.06,48,,72.83,7.07,0.69,,1.05,0.1,15.6,,23.67,2.3,52.2,79.2,7.69,47.6,72.22,7.01
2014-06-18 05:16,2014-06-18 20:45,296-14-28,ESW1-36,5910,,,,0,0,0,0,105,2014-06-18 05:16,2014-06-19 08:00,,,,0.39,6497,0.174,3054,HT,1238.7,120.3,91,,36.8,3.6,19.2,,7.79,0.76,1.05,,0.43,0.04,7.8,,3.16,0.31,0.68,,0.27,0.03,2.09,,0.85,0.08,27,10.95,1.06,6.8,2.74,0.27
,,,,,,,,0,1,0,0,106,2014-06-20 04:15,2014-06-20 23:15,,,,0.14,2281,0.061,167,,23.8,2.3,74.2,,10.6,1,39.2,,5.58,0.54,0.83,,0.12,0.01,3.22,,0.46,0.04,0.271,,0.04,0,0.647,,0.09,0.01,42.4,6.04,0.59,2.4,0.34,0.03
,,,,,,,,0,1,0,0,107,2014-06-23 04:35,2014-06-23 11:00,,,,0.01,156,0.004,167,,1.6,0.2,74.2,,0.7,0.1,39.2,,0.38,0.04,0.83,,0.01,0,3.22,,0.03,0,0.271,,0,0,0.647,,0.01,0,42.4,0.41,0.04,2.4,0.02,0
2014-08-12 03:27,2014-08-12 11:38,415-14-1,ESW1-37,536,,,,0,0,0,0,108,2014-08-12 03:23,2014-08-12 11:45,,,,0.05,536,0.014,167,HT,5.6,0.5,74,,2.5,0.2,39.2,,1.31,0.13,0.83,,0.03,0,3.22,,0.11,0.01,0.27,,0.01,0,0.647,,0.02,0,42.4,1.42,0.14,2.4,0.08,0.01
,,,,,,,,0,1,0,0,109,2014-08-18 18:01,2014-08-18 19:45,,,,0.04,69,0.002,167,,0.7,0.1,74.2,,0.3,0,39.2,,0.17,0.02,0.83,,0,0,3.22,,0.01,0,0.271,,0,0,0.647,,0,0,42.4,0.18,0.02,2.4,0.01,0
,,,,,,,,0,1,0,0,110,2014-08-19 02:28,2014-08-19 05:30,,,,0.03,112,0.003,167,,1.2,0.1,74.2,,0.5,0.1,39.2,,0.27,0.03,0.83,,0.01,0,3.22,,0.02,0,0.271,,0,0,0.647,,0,0,42.4,0.3,0.03,2.4,0.02,0
2014-09-04 20:12,2014-09-04 23:00,492-14-1,ESW1-38,354,,,,0,0,0,0,111,2014-09-04 20:09,2014-09-05 01:00,,,,0.13,389,0.01,2011,,48.8,4.7,18,,0.4,0,2.9,,0.07,0.01,0.67,,0.02,0,8.8,,0.21,0.02,0.29,,0.01,0,3.15,,0.08,0.01,11.7,0.28,0.03,8.1,0.2,0.02
2014-09-05 05:35,2014-09-05 16:30,492-14-2,ESW1-39,5711,,,,0,0,0,0,112,2014-09-05 05:34,2014-09-06 09:00,,,,1.38,6039,0.162,2103,,792.9,77,41,,15.4,1.5,6.9,,2.6,0.25,0.31,,0.12,0.01,9.7,,3.66,0.36,0.63,,0.24,0.02,3.14,,1.18,0.11,16.6,6.26,0.61,9.4,3.54,0.34
,,,,,,,,0,1,0,0,113,2014-09-12 19:45,2014-09-13 06:15,,,,0.02,285,0.008,2011,,35.8,3.5,18,,0.3,0,2.9,,0.05,0.01,0.67,,0.01,0,8.8,,0.16,0.02,0.287,,0.01,0,3.15,,0.06,0.01,11.7,0.21,0.02,8.1,0.14,0.01
2014-09-20 03:29,2014-09-21 04:30,517-14-1,ESW1-40a,1668,,,,0,0,0,0,114,2014-09-20 03:26,2014-09-21 04:30,,,,0.11,1668,0.045,922,HT,96,9.3,60,,6.2,0.6,2.4,,0.25,0.02,0.08,,0.01,0,4.7,,0.49,0.05,0.39,,0.04,0,1.6,,0.17,0.02,7.1,0.74,0.07,4.6,0.48,0.05
2014-09-21 04:30,2014-09-21 15:08,517-14-2,ESW1-40b,5944,,,,0,0,0,0,115,2014-09-21 04:30,2014-09-21 15:08,,,,0.57,5944,0.159,1036,HT,384.5,37.3,48,,17.6,1.7,5.8,,2.15,0.21,0.39,,0.14,0.01,5.3,,1.97,0.19,0.63,,0.23,0.02,1.9,,0.71,0.07,11.1,4.12,0.4,4.9,1.82,0.18
2014-09-21 15:08,2014-09-22 12:00,,,,,,,0,1,0,0,116,2014-09-21 15:08,2014-09-22 12:15,,,,0.04,1754,0.047,922,,101,9.8,59.8,,6.5,0.6,2.4,,0.26,0.03,0.08,,0.01,0,4.7,,0.51,0.05,0.385,,0.04,0,1.6,,0.18,0.02,7.1,0.78,0.08,4.6,0.51,0.05
2014-10-03 04:15,2014-10-03 15:45,542-14-1,ESW1-41,3335,,,,0,0,0,0,117,2014-10-03 03:00,2014-10-03 21:15,,,,0.23,3542,0.095,666,HT,147.3,14.3,57,,12.5,1.2,3.7,,0.82,0.08,0.33,,0.07,0.01,5.7,,1.26,0.12,0.76,,0.17,0.02,2.04,,0.45,0.04,9.4,2.08,0.2,5.4,1.19,0.12
2014-10-13 19:20,2014-10-14 04:13,559-14-1,ESW1-42,8778,,,,0,0,0,0,118,2014-10-13 19:19,2014-10-14 04:13,,,,0.93,8787,0.235,1086,HT,595.7,57.8,33,,18.3,1.8,9.1,,4.99,0.48,0.12,,0.07,0.01,6.9,,3.78,0.37,0.67,,0.37,0.04,2.39,,1.31,0.13,16,8.78,0.85,6.8,3.72,0.36
,,,,,,,,0,1,0,0,119,2014-10-14 04:13,2015-10-14 21:30,,,,0.33,5772,0.154,1086,,391.3,38,33.4,,12,1.2,9.1,,3.28,0.32,0.12,,0.04,0,6.9,,2.49,0.24,0.674,,0.24,0.02,2.39,,0.86,0.08,16,5.76,0.56,6.8,2.44,0.24
,,,,,,,,0,1,0,0,121,2014-10-17 16:30,2014-10-18 10:00,,,,0.03,562,0.015,156,,5.5,0.5,41,,1.4,0.1,13.9,,0.49,0.05,0.1,,0,0,3.01,,0.11,0.01,0.636,,0.02,0,0.96,,0.03,0,16.9,0.59,0.06,2.9,0.1,0.01
,,,,,,,,0,1,0,0,122,2014-11-29 11:15,2014-11-29 12:05,,,,0.05,69,0.002,156,,0.7,0.1,41,,0.2,0,13.9,,0.06,0.01,0.1,,0,0,3.01,,0.01,0,0.636,,0,0,0.96,,0,0,16.9,0.07,0.01,2.9,0.01,0
,,,,,,,highly estimated events,0,1,0,1,123,2014-12-14 13:00,2014-12-17 07:15,,,,0.91,44479,1.19,60.988,,169.3,16.4,9.07566,,25.2,2.4,1.6031,,4.45,0.43,5.80021,,16.11,1.56,10.103004,,28.05,2.72,0.613679,,1.7,0.17,2.454716,,6.82,0.66,11.7,32.5,3.16,4.3,11.95,1.16
,,,,,,,highly estimated events,0,1,0,1,124,2014-12-20 06:15,2014-12-20 13:15,,,,0.03,432,0.012,60.988,,1.6,0.2,22.22194,,0.6,0.1,1.57022,,0.04,0,5.721654,,0.15,0.01,9.20144,,0.25,0.02,0.573089,,0.02,0,2.292356,,0.06,0.01,10.8,0.29,0.03,3.5,0.09,0.01
,,,,,,,highly estimated events,0,1,0,1,125,2014-12-22 12:15,2014-12-25 05:15,,,,0.63,25402,0.679,472.252,,748.9,72.7,22.22194,,35.2,3.4,1.57022,,2.49,0.24,5.721654,,9.07,0.88,9.20144,,14.59,1.42,0.573089,,0.91,0.09,2.292356,,3.64,0.35,10.8,17.08,1.66,3.5,5.52,0.54
,,,,,,,highly estimated events,0,1,0,1,126,2014-12-25 12:00,2014-12-25 19:00,,,,0.04,631,0.017,472.252,,18.6,1.8,22.22194,,0.9,0.1,1.57022,,0.06,0.01,5.721654,,0.23,0.02,9.20144,,0.36,0.04,0.573089,,0.02,0,2.292356,,0.09,0.01,10.8,0.42,0.04,3.5,0.14,0.01
,,,,,,,highly estimated events,0,1,0,1,127,2014-12-26 11:00,2014-12-27 23:00,,,,0.42,9461,0.253,472.252,,278.9,27.1,30.3817,,17.9,1.7,1.54556,,0.91,0.09,3.581003,,2.12,0.21,9.773916,,5.77,0.56,0.614048,,0.36,0.04,2.456192,,1.45,0.14,11.3,6.69,0.65,6.2,3.66,0.36
,,,,,,,highly estimated events,0,1,0,1,128,2015-03-08 14:45,2015-03-11 00:30,,,,1.41,29065,0.777,336.592,,610.7,59.3,25.16852,,45.7,4.4,1.49624,,2.71,0.26,3.757754,,6.82,0.66,9.365984,,16.99,1.65,0.597074,,1.08,0.11,2.388296,,4.33,0.42,10.9,19.71,1.91,5.6,10.18,0.99
,,,,,,,highly estimated events,0,1,0,1,129,2015-03-11 10:30,2015-03-11 23:15,,,,0.06,1210,0.032,80.266,,6.1,0.6,12.58889,,1,0.1,1.49624,,0.11,0.01,3.581003,,0.27,0.03,9.307708,,0.7,0.07,0.6085499,,0.05,0,2.4341996,,0.18,0.02,10.8,0.82,0.08,5.7,0.43,0.04
,,,,,,,,0,1,0,0,130,2015-04-09 04:54,2015-04-09 05:45,,,,0.04,60,0.002,156,,0.6,0.1,41,,0.2,0,13.9,,0.05,0.01,0.1,,0,0,3.01,,0.01,0,0.636,,0,0,0.96,,0,0,16.9,0.06,0.01,2.9,0.01,0
2015-04-09 14:21,2015-04-09 17:00,,ESW1-43,242,,,,0,0,0,0,131,2015-04-09 14:21,2015-04-09 17:00,,,,0.07,242,0.006,3035,,45.8,4.5,75,,1.1,0.1,18.8,,0.28,0.03,0.8,,0.01,0,16.2,,0.24,0.02,0.26,,0,0,3.95,,0.06,0.01,35,0.53,0.05,15.4,0.23,0.02
2015-04-09 19:19,2015-04-09 22:30,,ESW1-44,397,,,,0,0,0,0,132,2015-04-09 19:15,2015-04-09 22:45,,,,0.12,406,0.011,3008,,76.3,7.4,78,,2,0.2,26.7,,0.68,0.07,0.81,,0.02,0,13.9,,0.35,0.03,0.37,,0.01,0,3.7,,0.09,0.01,40.6,1.03,0.1,13.1,0.33,0.03
2015-04-10 01:06,2015-04-10 04:30,,ESW1-45,510,,,,0,0,0,0,133,2015-04-10 01:00,2015-04-10 04:30,,,,0.06,510,0.014,901,,28.7,2.8,85,,2.7,0.3,30.2,,0.96,0.09,0.99,,0.03,0,8.58,,0.27,0.03,0.49,,0.02,0,1.69,,0.05,0.01,38.8,1.23,0.12,7.6,0.24,0.02
2015-05-17 16:58,2015-05-17 18:00,,ESW1-46,622,,,,0,0,0,0,134,2015-05-17 16:54,2015-05-17 18:15,,,,0.83,631,0.017,17200,,677.2,65.8,27,,1.1,0.1,3.8,,0.15,0.01,3.47,,0.14,0.01,54,,2.13,0.21,1.7,,0.07,0.01,19.4,,0.76,0.07,57.8,2.28,0.22,50.5,1.99,0.19
2015-05-24 18:48,2015-05-25 03:00,,ESW1-47,2514,,,,0,0,0,0,135,2015-05-24 18:45,2015-05-25 08:00,,,,0.65,2618,0.07,3760,,614.5,59.7,26,,4.2,0.4,8.8,,1.44,0.14,1.06,,0.17,0.02,14,,2.29,0.22,0.62,,0.1,0.01,4.53,,0.74,0.07,22.8,3.73,0.36,12.9,2.11,0.21
2015-05-30 05:32,2015-05-30 19:30,,ESW1-48,3076,,,,0,0,0,0,136,2015-05-30 04:00,2015-05-31 00:45,,,,0.21,3231,0.086,127,,25.6,2.5,87,,17.5,1.7,15,,3.03,0.29,0.18,,0.04,0,4.2,,0.85,0.08,0.69,,0.14,0.01,1.04,,0.21,0.02,19.2,3.87,0.38,4,0.81,0.08
,,,,,,,,0,1,0,0,137,2015-06-11 17:47,2015-06-11 20:00,,,,0.01,60,0.002,92,,0.3,0,85.4,,0.3,0,25.1,,0.09,0.01,0.25,,0,0,3.5,,0.01,0,0.703,,0,0,1.06,,0,0,28.6,0.11,0.01,3.3,0.01,0
2015-06-11 22:30,2015-06-12 16:15,,ESW1-49,8605,,,,0,0,0,0,138,2015-06-11 22:27,2015-06-12 21:00,,,,0.54,8709,0.233,92,,50,4.9,85,,46.4,4.5,25.1,,13.65,1.32,0.25,,0.14,0.01,3.5,,1.9,0.18,0.7,,0.38,0.04,1.06,,0.58,0.06,28.6,15.55,1.51,3.3,1.77,0.17
2015-06-15 15:47,2015-06-16 07:00,,ESW1-50,13409,,,,0,0,0,0,139,2015-06-15 15:46,2015-06-16 13:00,,,,1.66,13565,0.363,1210,,1024.7,99.5,50,,42,4.1,10.9,,9.23,0.9,0.15,,0.13,0.01,4.9,,4.15,0.4,0.53,,0.45,0.04,1.7,,1.44,0.14,15.8,13.38,1.3,4.8,4.02,0.39
,,,,,,,waterway was installed,0,1,0,0,140,2015-09-07 06:22,2015-09-07 07:30,,,,0.01,9,0,513,,0.3,0,3.3,,0,0,0.1,<,0,0,0.11,,0,0,2.3,,0,0,0.605,,0,0,1.22,,0,0,2.4,0,0,2.2,0,0
2015-09-08 09:07,2015-09-08 13:00,,ESW1-51,527,,,,0,0,0,0,141,2015-09-08 08:54,2015-09-08 13:00,,,,0.23,527,0.014,513,,16.9,1.6,3,,0.1,0,0.1,<,0,0,0.11,,0,0,2.3,,0.08,0.01,0.61,,0.02,0,1.22,,0.04,0,2.4,0.08,0.01,2.2,0.07,0.01
2015-09-19 00:57,2015-09-19 05:15,,ESW1-52,1020,,,,0,0,0,0,142,2015-09-19 00:57,2015-09-19 05:15,,,,0.24,1020,0.027,222,,14.1,1.4,8,,0.5,0,0.8,,0.05,0,0.09,,0.01,0,1.83,,0.12,0.01,0.73,,0.05,0,1.12,,0.07,0.01,2.6,0.17,0.02,1.7,0.11,0.01
,,,,,,,,0,1,0,0,143,2015-09-28 22:12,2015-09-28 23:15,,,,0.03,60,0.002,222,,0.8,0.1,7.7,,0,0,0.8,,0,0,0.09,,0,0,1.83,,0.01,0,0.733,,0,0,1.12,,0,0,2.6,0.01,0,1.7,0.01,0
2014-10-14 15:05,,559-14-2,ESW1-1446,,0.084,,,1,0,0,0,120,2015-10-14 21:30,2014-10-16 22:45,,,,0.25,6307,0.169,156,HT,61.4,6,41,,16.1,1.6,13.9,,5.47,0.53,0.1,,0.04,0,3.01,,1.19,0.12,0.64,,0.25,0.02,0.96,,0.38,0.04,16.9,6.66,0.65,2.9,1.15,0.11
,,,,,,,,0,1,0,0,144,2015-11-12 04:46,2015-11-12 07:45,,,,0.04,104,0.003,36,,0.2,0,79,,0.5,0,18.2,,0.12,0.01,0.1,,0,0,1.9,,0.01,0,0.54,,0,0,0.686,,0,0,20.1,0.13,0.01,1.8,0.01,0
,,,,,,,,0,1,0,0,145,2015-11-17 17:24,2015-11-18 09:15,,,,0.04,562,0.015,36,,1.3,0.1,79,,2.8,0.3,18.2,,0.64,0.06,0.1,,0,0,1.9,,0.07,0.01,0.54,,0.02,0,0.686,,0.02,0,20.1,0.7,0.07,1.8,0.06,0.01
2015-11-26 15:06,2015-11-28 02:00,,ESW1-53,7949,,,,0,0,0,0,146,2015-11-26 15:03,2015-11-28 02:00,,,,0.19,7949,0.213,35,,17.4,1.7,80,,39.8,3.9,9.6,,4.76,0.46,0.25,,0.12,0.01,2.7,,1.34,0.13,0.97,,0.48,0.05,1.1,,0.55,0.05,12.3,6.1,0.59,2.5,1.22,0.12
2015-11-30 23:18,2015-12-02 08:30,,ESW1-54,5288,,,,0,0,0,0,147,2015-11-30 23:20,2015-12-02 08:30,,,,0.11,5288,0.141,36,,11.9,1.2,79,,26.1,2.5,18.2,,6.01,0.58,0.1,,0.03,0,1.9,,0.63,0.06,0.54,,0.18,0.02,0.686,,0.23,0.02,20.1,6.64,0.64,1.8,0.59,0.06
,,,,,,,,0,1,0,0,148,2015-12-06 06:45,2015-12-06 08:45,,,,0.03,78,0.002,36,,0.2,0,79,,0.4,0,18.2,,0.09,0.01,0.1,,0,0,1.9,,0.01,0,0.54,,0,0,0.686,,0,0,20.1,0.1,0.01,1.8,0.01,0
,,,,,,,,0,1,0,0,149,2015-12-10 19:15,2015-12-10 21:15,,,,0.01,26,0.001,36,,0.1,0,79,,0.1,0,18.2,,0.03,0,0.1,,0,0,1.9,,0,0,0.54,,0,0,0.686,,0,0,20.1,0.03,0,1.8,0,0
2015-12-13 04:51,2015-12-13 15:50,,ESW1-55a,11526,,,,0,0,0,0,150,2015-12-13 04:51,2015-12-13 15:50,,,,0.66,11526,0.308,1500,,1079.3,104.8,49,,34.9,3.4,11.9,,8.56,0.83,0.14,,0.1,0.01,7.98,,5.74,0.56,0.42,,0.3,0.03,2.8,,2.01,0.2,19.9,14.3,1.39,7.8,5.64,0.55
2015-12-13 15:50,2015-12-15 23:09,,ESW1-55b,63660,,,,0,0,0,0,151,2015-12-13 15:50,2015-12-15 23:09,,,,1.65,63660,1.703,1160,,4610,447.6,28,,109.7,10.6,11,,43.72,4.24,0.06,,0.24,0.02,6.32,,25.12,2.44,0.49,,1.96,0.19,2.2,,8.74,0.85,17.3,68.83,6.68,6.3,24.88,2.42
,,,,,,,,0,1,0,0,152,2015-12-15 23:09,2015-12-16 05:27,,,,0.02,311,0.008,156,,3,0.3,44,,0.9,0.1,11.6,,0.23,0.02,0.06,,0,0,2.31,,0.04,0,0.41,,0.01,0,0.654,,0.01,0,13.9,0.27,0.03,2.3,0.04,0
2015-12-16 05:27,2015-12-17 04:31,,ESW1-55d,3888,,,,0,0,0,0,153,2015-12-16 05:27,2015-12-17 08:15,,,,0.11,4035,0.108,156,,39.3,3.8,44,,11.1,1.1,11.6,,2.92,0.28,0.06,,0.02,0,2.31,,0.58,0.06,0.41,,0.1,0.01,0.654,,0.16,0.02,13.9,3.5,0.34,2.3,0.57,0.06
2015-12-23 11:00,2015-12-24 09:30,,ESW1-56,6523,,,,0,0,0,0,154,2015-12-23 11:00,2015-12-24 09:30,,,,0.18,6523,0.174,280,,114,11.1,46,,18.7,1.8,12,,4.89,0.47,0.09,,0.04,0,2.48,,1.01,0.1,0.41,,0.17,0.02,0.895,,0.36,0.04,14.5,5.9,0.57,2.4,0.97,0.09
,,,ESW1-57a,,,,,0,1,0,1,155,2016-02-19 19:15,2016-02-20 10:45,,,,0.01,415,0.011,6,,0.2,0,10,,0.2,0,1.5,,0.04,0,0.29,,0.01,0,0.83,,0.02,0,0.31,,0.01,0,0.376,,0.01,0,2.3,0.06,0.01,0.5,0.01,0
2016-02-20 10:45,2016-02-21 11:30,,ESW1-57b,3110,,,,0,0,0,1,156,2016-02-20 10:45,2016-02-21 11:30,,,,0.17,3110,0.083,6,,1.2,0.1,10,,1.8,0.2,1.5,,0.29,0.03,0.29,,0.06,0.01,0.83,,0.16,0.02,0.31,,0.06,0.01,0.376,,0.07,0.01,2.3,0.45,0.04,0.5,0.1,0.01
2016-02-21 11:30,2016-02-22 02:22,,EsW1-57c,1305,,,,0,0,0,1,157,2016-02-21 11:30,2016-02-22 02:22,,,,0.04,1305,0.035,5,,0.4,0,16,,1.3,0.1,2.3,,0.19,0.02,0.22,,0.02,0,1.05,,0.09,0.01,0.35,,0.03,0,0.453,,0.04,0,3.4,0.27,0.03,0.8,0.07,0.01
2016-02-29 18:54,,,ESW1-1042,,0.012,,,1,0,0,1,158,2016-02-27 12:30,2016-02-29 20:13,,,,0.22,14213,0.38,7,,6.2,0.6,44,,38.6,3.7,2.7,,2.4,0.23,0.27,,0.24,0.02,1.34,,1.19,0.12,0.43,,0.38,0.04,0.471,,0.42,0.04,4,3.58,0.35,1.1,0.95,0.09
2016-03-06 17:54,,,ESW1-1054,,0.032,,,1,0,0,1,159,2016-03-06 14:00,2016-03-06 20:00,,,,0.03,372,0.01,34,,0.8,0.1,33,,0.8,0.1,2.1,,0.05,0,0.45,,0.01,0,1.52,,0.04,0,0.33,,0.01,0,0.425,,0.01,0,3.6,0.08,0.01,1.1,0.02,0
2016-03-06 20:00,2016-03-07 03:30,,ESW1-58b,1529,,,,0,0,0,0,160,2016-03-06 20:00,2016-03-07 03:30,,,,0.08,1529,0.041,36,,3.4,0.3,22,,2.1,0.2,2.1,,0.2,0.02,0.37,,0.04,0,1.52,,0.15,0.01,0.31,,0.03,0,0.408,,0.04,0,3.6,0.35,0.03,1.2,0.11,0.01
2016-03-07 03:30,2016-03-08 05:19,,ESW1-58c,17375,,,,0,0,0,0,161,2016-03-07 03:30,2016-03-08 05:19,,,,0.54,17375,0.465,310,,336.3,32.6,13,,13.7,1.3,3.4,,3.69,0.36,0.19,,0.21,0.02,2.14,,2.32,0.23,0.29,,0.31,0.03,0.654,,0.71,0.07,5.5,6.01,0.58,2,2.12,0.21
2016-03-08 05:19,2016-03-09 02:14,,ESW1-58d,10644,,,may be split incorrectly,0,0,0,0,162,2016-03-08 05:19,2016-03-09 02:14,,,,0.28,10644,0.285,374,,248.5,24.1,33,,21.8,2.1,9.9,,6.58,0.64,0.34,,0.23,0.02,3.34,,2.22,0.22,0.44,,0.29,0.03,0.927,,0.62,0.06,13.2,8.8,0.85,3,1.99,0.19
2016-03-09 02:14,2016-03-10 03:52,,ESW1-58e,9625,,,may be split incorrectly,0,0,0,0,163,2016-03-09 02:14,2016-03-10 03:52,,,,0.44,9625,0.257,54,,32.4,3.2,40,,23.9,2.3,10.1,,6.07,0.59,0.37,,0.22,0.02,2.05,,1.23,0.12,0.46,,0.28,0.03,0.602,,0.36,0.04,12.2,7.3,0.71,1.7,1.01,0.1
,,,,,,,,0,1,0,0,164,2016-03-10 03:52,2016-03-12 18:30,,,,0.03,2220,0.059,36,,5,0.5,64,,8.9,0.9,7.6,,1.05,0.1,0.21,,0.03,0,2.09,,0.29,0.03,0.4,,0.06,0.01,0.517,,0.07,0.01,9.7,1.34,0.13,1.9,0.26,0.03
2016-03-13 17:30,2016-03-15 16:09,,ESW1-59a,5262,,,,0,0,0,0,165,2016-03-13 17:30,2016-03-15 16:09,,,,0.1,5262,0.141,36,,11.8,1.1,64,,21,2,7.6,,2.5,0.24,0.21,,0.07,0.01,2.09,,0.69,0.07,0.4,,0.13,0.01,0.517,,0.17,0.02,9.7,3.18,0.31,1.9,0.62,0.06
2016-03-15 16:09,2016-03-17 18:30,,ESW1-59b,34007,,,,0,0,0,0,166,2016-03-15 16:09,2016-03-17 18:30,,,,2.22,34007,0.91,10400,,22079.2,2143.6,28,,59.4,5.8,5,,10.61,1.03,0.12,,0.25,0.02,28.6,,60.72,5.89,0.38,,0.81,0.08,11,,23.35,2.27,33.6,71.33,6.93,28.5,60.46,5.87
2016-03-26 11:15,2016-03-27 06:19,,ESW1-60a,8052,,,,0,0,0,0,167,2016-03-26 11:15,2016-03-27 06:19,,,,0.3,8052,0.215,152,,76.4,7.4,33,,16.6,1.6,3.4,,1.71,0.17,0.08,,0.04,0,1.33,,0.67,0.06,0.27,,0.14,0.01,0.621,,0.31,0.03,4.7,2.38,0.23,1.3,0.63,0.06
2016-03-27 06:19,2016-03-28 21:15,,ESW1-60b,12226,,,,0,0,0,0,168,2016-03-27 06:19,2016-03-28 21:15,,,,0.49,12226,0.327,426,,325.1,31.6,34,,26.3,2.5,5.5,,4.2,0.41,0.15,,0.11,0.01,2.76,,2.11,0.2,0.33,,0.25,0.02,1.1,,0.84,0.08,8.3,6.3,0.61,2.6,1.99,0.19
2016-03-31 00:12,2016-03-31 12:36,,ESW1-61a,13236,,,,0,0,0,0,169,2016-03-31 00:12,2016-03-31 12:36,,,,1.06,13236,0.354,2890,,2388.1,231.9,26,,21.1,2,4.7,,3.88,0.38,0.05,,0.04,0,8.08,,6.68,0.65,0.38,,0.31,0.03,3.4,,2.81,0.27,12.8,10.56,1.03,8,6.64,0.64
2016-03-31 12:36,2016-04-01 06:00,,ESW1-61b,10187,,,,0,0,0,0,170,2016-03-31 12:36,2016-04-01 19:15,,,,0.76,10472,0.28,984,,643.3,62.5,25,,16.3,1.6,4.8,,3.14,0.3,0.06,,0.04,0,2.86,,1.87,0.18,0.37,,0.24,0.02,1.5,,0.98,0.1,7.7,5.01,0.49,2.8,1.83,0.18
,,,,,,,,0,1,0,0,171,2016-04-06 05:16,2016-04-07 11:00,,,,0.07,1866,0.05,984,,114.6,11.1,25,,2.9,0.3,4.8,,0.56,0.05,0.06,,0.01,0,2.86,,0.33,0.03,0.37,,0.04,0,1.5,,0.17,0.02,7.7,0.89,0.09,2.8,0.33,0.03
,,,,,,,,0,1,0,0,172,2016-04-08 12:15,2016-04-08 18:45,,,,0.06,320,0.009,984,,19.6,1.9,25,,0.5,0,4.8,,0.1,0.01,0.06,,0,0,2.86,,0.06,0.01,0.37,,0.01,0,1.5,,0.03,0,7.7,0.15,0.01,2.8,0.06,0.01
,,,,,,,,0,1,0,0,173,2016-04-09 09:00,2016-04-09 23:15,,,,0.1,2462,0.066,984,,151.3,14.7,25,,3.8,0.4,4.8,,0.74,0.07,0.06,,0.01,0,2.86,,0.44,0.04,0.37,,0.06,0.01,1.5,,0.23,0.02,7.7,1.18,0.11,2.8,0.43,0.04
,,,,,,,,0,1,0,0,174,2016-04-10 12:45,2016-04-11 10:45,,,,0.17,2868,0.077,984,,176.2,17.1,25,,4.5,0.4,4.8,,0.86,0.08,0.06,,0.01,0,2.86,,0.51,0.05,0.37,,0.07,0.01,1.5,,0.27,0.03,7.7,1.37,0.13,2.8,0.5,0.05
,,,,,,,,0,1,0,0,175,2016-06-10 20:15,2016-06-10 21:00,,,,0.04,35,0.001,1510,,3.3,0.3,2,,0,0,0.1,<,0,0,0.14,,0,0,5.06,,0.01,0,0.57,,0,0,2.2,,0,0,5.1,0.01,0,4.9,0.01,0
,,,,,,,,0,1,0,0,176,2016-06-15 02:19,2016-06-15 04:00,,,,0.01,26,0.001,1510,,2.4,0.2,2,,0,0,0.1,<,0,0,0.14,,0,0,5.06,,0.01,0,0.57,,0,0,2.2,,0,0,5.1,0.01,0,4.9,0.01,0
2016-06-15 18:44,2016-06-16 04:00,,ESW1-62,4294,,,,0,0,0,0,177,2016-06-15 18:44,2016-06-16 05:30,,,,2.21,4303,0.115,6410,,1721.8,167.2,10,,2.7,0.3,5.6,,1.5,0.15,0.25,,0.07,0.01,19.5,,5.24,0.51,0.02,,0.01,0,7,,1.88,0.18,25.1,6.74,0.65,19.3,5.17,0.5
2016-06-26 03:38,2016-06-26 06:13,,ESW1-63,1469,,,,0,0,0,0,178,2016-06-26 03:38,2016-06-26 10:45,,,,0.69,1771,0.047,1510,,167,16.2,2,,0.2,0,0.1,<,0.01,0,0.14,,0.02,0,5.06,,0.56,0.05,0.57,,0.06,0.01,2.2,,0.24,0.02,5.1,0.57,0.05,4.9,0.54,0.05
,,,,,,,,0,1,0,0,179,2016-06-30 16:11,2016-06-30 20:45,,,,0.07,363,0.01,42,,1,0.1,16,,0.4,0,0.7,,0.02,0,0.05,,0,0,2.21,,0.05,0,1.2,,0.03,0,1.3,,0.03,0,2.9,0.07,0.01,2.2,0.05,0
,,,,,,,,0,1,0,0,180,2016-07-07 13:52,2016-07-07 18:30,,,,0.03,251,0.007,42,,0.7,0.1,16,,0.3,0,0.7,,0.01,0,0.05,,0,0,2.21,,0.03,0,1.2,,0.02,0,1.3,,0.02,0,2.9,0.05,0,2.2,0.03,0
2016-07-29 02:20,2016-07-29 03:30,,ESW1-64,164,,,,0,0,0,0,181,2016-07-29 02:20,2016-07-29 03:30,,,,0.08,164,0.004,42,,0.4,0,16,,0.2,0,0.7,,0.01,0,0.05,,0,0,2.21,,0.02,0,1.2,,0.01,0,1.3,,0.01,0,2.9,0.03,0,2.2,0.02,0
2016-09-06 16:18,2016-09-06 17:56,,,,,,estimated events,0,1,0,0,182,2016-09-06 16:18,2016-09-06 17:56,,,,3.01,5616,0.15,1720,,603,58.5,4,,1.3,0.1,0.8,,0.28,0.03,0.4,,0.14,0.01,10.3,,3.61,0.35,1,,0.35,0.03,3.7,,1.3,0.13,11.1,3.89,0.38,9.9,3.47,0.34
2016-09-06 19:10,2016-09-06 21:40,,,,,,estimated events,0,1,0,0,183,2016-09-06 19:10,2016-09-06 21:40,,,,2.11,5815,0.156,1720,,624.4,60.6,4,,1.3,0.1,0.8,,0.29,0.03,0.4,,0.15,0.01,10.3,,3.74,0.36,1,,0.36,0.04,3.7,,1.34,0.13,11.1,4.03,0.39,9.9,3.59,0.35
2016-09-06 22:31,2016-09-07 01:32,,,,,,estimated events,0,1,0,0,184,2016-09-06 22:31,2016-09-07 01:32,,,,0.11,518,0.014,112,,3.6,0.4,44,,1.4,0.1,0.1,<,0,0,0.32,,0.01,0,3.42,,0.11,0.01,1.4,,0.05,0,1.8,,0.06,0.01,3.5,0.11,0.01,3.1,0.1,0.01
2016-09-10 04:52,2016-09-10 17:45,,ESW1-66,1572,,,,0,0,0,0,185,2016-09-10 04:52,2016-09-10 17:45,,,,0.16,1572,0.042,112,,11,1.1,44,,4.3,0.4,0.1,<,0,0,0.32,,0.03,0,3.42,,0.34,0.03,1.4,,0.14,0.01,1.8,,0.18,0.02,3.5,0.34,0.03,3.1,0.3,0.03
2016-09-13 04:20,,,ESW1-1284,,0.682,,,1,0,0,0,186,2016-09-13 04:16,2016-09-13 04:23,,,,1.36,181,0.005,2690,,30.5,3,3.4,,0,0,0.6,,0.01,0,0.71,,0.01,0,12.6,,0.14,0.01,0.41,,0,0,3.6,,0.04,0,13.2,0.15,0.01,11.9,0.13,0.01
2016-09-13 04:25,,,ESW1-1286,,2.6,,,1,0,0,0,187,2016-09-13 04:23,2016-09-13 04:26,,,,3.04,423,0.011,2220,,58.7,5.7,1.3,,0,0,0.5,,0.01,0,0.39,,0.01,0,9.3,,0.25,0.02,0.42,,0.01,0,3,,0.08,0.01,9.8,0.26,0.03,8.9,0.24,0.02
2016-09-13 04:28,,,ESW1-1287,,3.578,,,1,0,0,0,188,2016-09-13 04:26,2016-09-13 04:33,,,,3.8,1521,0.041,1950,,185.1,18,1,,0.1,0,0.3,,0.03,0,0.32,,0.03,0,8.51,,0.81,0.08,0.42,,0.04,0,2.8,,0.27,0.03,8.8,0.84,0.08,8.2,0.78,0.08
2016-09-13 04:38,,,ESW1-1288,,3.264,,,1,0,0,0,189,2016-09-13 04:33,2016-09-13 07:28,,,,3.66,11102,0.297,1400,,970.3,94.2,0.5,,0.3,0,0.4,,0.28,0.03,0.22,,0.15,0.01,6.4,,4.44,0.43,0.41,,0.29,0.03,2.3,,1.59,0.15,6.8,4.71,0.46,6.2,4.28,0.42
2016-09-13 10:18,,,ESW1-1290,,0.038,,,1,0,0,0,190,2016-09-13 07:28,2016-09-13 13:45,,,,0.21,1166,0.031,61,,4.4,0.4,45,,3.2,0.3,3.8,,0.28,0.03,0.36,,0.03,0,3.86,,0.28,0.03,1.8,,0.13,0.01,2,,0.15,0.01,7.7,0.56,0.05,3.5,0.25,0.02
2016-09-21 22:51,2016-09-23 00:45,,ESW1-68,17626,,,,0,0,0,0,191,2016-09-21 22:51,2016-09-23 00:45,,,,1.29,17626,0.471,366,,402.7,39.1,29,,31.8,3.1,4.7,,5.17,0.5,0.17,,0.19,0.02,4.76,,5.24,0.51,1,,1.1,0.11,1.8,,1.98,0.19,9.5,10.41,1.01,4.6,5.05,0.49
2016-10-26 08:59,2016-10-27 15:45,1700089,ESW1-69,3083,,17,,0,0,0,0,192,2016-10-26 08:59,2016-10-27 14:00,1,,,0.08,3083,0.082,160,,30.8,3,62,,11.9,1.2,0.3,,0.06,0.01,0.1,,0.02,0,4.05,,0.78,0.08,0.604,,0.12,0.01,1.12,,0.22,0.02,4.4,0.84,0.08,4,0.76,0.07
2016-11-28 01:39,2016-11-28 12:30,1700756,ESW1-70,1242,,5,,0,0,0,0,193,2016-11-28 01:39,2016-11-28 12:30,2,,,0.13,1242,0.033,70,,5.4,0.5,30,,2.3,0.2,0.1,<,0,0,0.03,,0,0,1.99,,0.15,0.01,0.424,,0.03,0,0.679,,0.05,0.01,2,0.16,0.02,2,0.15,0.01
2016-11-28 15:00,2016-11-30 00:00,1700757,ESW1-71,13273,,21,,0,0,0,0,194,2016-11-28 15:00,2016-11-30 00:00,3,,,0.61,13273,0.355,85,,70.4,6.8,45,,37.2,3.6,1.5,,1.24,0.12,0.13,,0.11,0.01,3.12,,2.59,0.25,0.611,,0.51,0.05,1.03,,0.85,0.08,4.6,3.83,0.37,3,2.48,0.24
,,,,,,,,0,1,0,0,195,2016-11-30 18:45,2016-12-01 03:45,4,,,0.01,127,0.003,85,,0.7,0.1,45,,0.4,0,1.5,,0.01,0,0.13,,0,0,3.12,,0.02,0,0.611,,0,0,1.03,,0.01,0,4.6,0.04,0,3,0.02,0
,,,,,,,,0,1,0,0,196,2016-12-05 14:15,2016-12-06 18:45,5,,,0.02,855,0.023,4,,0.2,0,11,,0.6,0.1,0.4,,0.02,0,0.07,,0,0,1.19,,0.06,0.01,0.21,,0.01,0,0.295,,0.02,0,1.6,0.08,0.01,1.1,0.06,0.01
2016-12-26 01:30,2016-12-27 00:34,1700758,ESW1-72,4568,,6,,0,0,0,0,197,2016-12-26 01:30,2016-12-27 00:34,6,,,0.15,4568,0.122,4,,1.1,0.1,11,,3.1,0.3,0.4,,0.11,0.01,0.07,,0.02,0,1.19,,0.34,0.03,0.21,,0.06,0.01,0.295,,0.08,0.01,1.6,0.45,0.04,1.1,0.32,0.03
,,,,,,,,0,1,0,1,198,2017-01-10 09:15,2017-01-10 10:09,7,,,0.01,12,0,4,,0,0,11,,0,0,0.4,,0,0,0.07,,0,0,1.19,,0,0,0.21,,0,0,0.295,,0,0,1.6,0,0,1.1,0,0
,,,,,,,,0,1,0,1,199,2017-01-16 23:57,2017-01-19 19:00,8,,,0.08,6842,0.183,6,,2.6,0.2,17,,7.3,0.7,0.2,,0.09,0.01,2.68,,1.14,0.11,5.27,,2.25,0.22,0.604,,0.26,0.03,0.742,,0.32,0.03,5.5,2.34,0.23,2.6,1.11,0.11
2017-01-19 19:00,2017-01-21 00:15,1700759,ESW1-73b,9551,,11,,0,0,0,1,200,2017-01-19 19:00,2017-01-21 00:15,9,,,0.24,9551,0.255,6,,3.6,0.3,17,,10,1,0.2,,0.12,0.01,2.68,,1.6,0.16,5.27,,3.14,0.31,0.604,,0.36,0.03,0.742,,0.44,0.04,5.5,3.26,0.32,2.6,1.54,0.15
2017-01-21 00:15,2017-01-22 08:43,1700760,ESW1-73c,20641,,9,,0,0,0,1,201,2017-01-21 00:15,2017-01-22 08:43,10,,,0.37,20641,0.552,6,,7.7,0.8,16,,20.1,2,0.4,,0.52,0.05,3.56,,4.59,0.45,6.61,,8.52,0.83,0.882,,1.14,0.11,1.04,,1.34,0.13,7,9.03,0.88,3.1,3.93,0.38
2017-01-22 08:43,2017-01-23 08:10,1700761,ESW1-73d,10729,,3,,0,0,0,1,202,2017-01-22 08:43,2017-01-23 08:10,11,,,0.37,10729,0.287,5,,3.3,0.3,16,,10.7,1,0.2,,0.13,0.01,3.18,,2.13,0.21,6.06,,4.06,0.39,0.945,,0.63,0.06,1.09,,0.73,0.07,6.3,4.19,0.41,2.9,1.93,0.19
2017-01-23 08:10,2017-01-25 01:52,1700762,ESW1-73e,13521,,3,,0,0,0,1,203,2017-01-23 08:10,2017-01-25 05:45,12,,,0.28,13796,0.369,4,,3.4,0.3,15,,13.3,1.3,0.1,,0.09,0.01,1.92,,1.65,0.16,4.5,,3.88,0.38,0.755,,0.65,0.06,0.867,,0.75,0.07,4.6,3.96,0.38,2.6,2.22,0.22
,,,,,,,,0,1,0,1,204,2017-02-12 15:00,2017-02-13 00:26,13,,,0.07,1272,0.034,7,,0.6,0.1,13,,1,0.1,0.1,<,0,0,1.87,,0.15,0.01,3.68,,0.29,0.03,0.595,,0.05,0,0.715,,0.06,0.01,3.7,0.3,0.03,1.8,0.14,0.01
,,,,,,,,0,1,0,1,205,2017-02-13 14:00,2017-02-13 23:00,14,,,0.1,1272,0.034,7,,0.6,0.1,13,,1,0.1,0.1,<,0,0,1.87,,0.15,0.01,3.68,,0.29,0.03,0.595,,0.05,0,0.715,,0.06,0.01,3.7,0.3,0.03,1.8,0.14,0.01
2017-02-14 11:15,2017-02-14 20:01,1701008,ESW1-74,4274,,4,,0,0,0,1,206,2017-02-14 11:15,2017-02-14 20:01,15,,,0.39,4274,0.114,7,,1.9,0.2,13,,3.5,0.3,0.1,<,0.01,0,1.87,,0.5,0.05,3.68,,0.98,0.1,0.595,,0.16,0.02,0.715,,0.19,0.02,3.7,1,0.1,1.8,0.48,0.05
2017-02-17 11:30,2017-02-17 21:45,1701009,ESW1-75,8285,,3,,0,0,0,1,207,2017-02-17 11:30,2017-02-17 21:45,16,,,0.56,8285,0.222,31,,16,1.6,6,,2.8,0.3,0.1,<,0.03,0,1.34,,0.69,0.07,2.7,,1.4,0.14,0.447,,0.23,0.02,0.591,,0.31,0.03,2.8,1.42,0.14,1.4,0.7,0.07
2017-02-18 07:45,2017-02-18 21:18,1701010,ESW1-76,10340,,6,,0,0,0,1,208,2017-02-18 07:45,2017-02-18 21:18,17,,,0.53,10340,0.277,31,,20,1.9,10,,6.3,0.6,0.1,<,0.03,0,1.3,,0.84,0.08,2.73,,1.76,0.17,0.446,,0.29,0.03,0.589,,0.38,0.04,2.8,1.79,0.17,1.4,0.92,0.09
2017-02-19 08:30,2017-02-20 17:49,1701011,ESW1-77a,5876,,6,,0,0,0,1,209,2017-02-19 08:30,2017-02-20 17:49,18,,,0.17,5876,0.157,14,,5.1,0.5,28,,10.1,1,0.1,<,0.02,0,0.87,,0.32,0.03,3.09,,1.13,0.11,0.204,,0.07,0.01,0.415,,0.15,0.01,3.1,1.15,0.11,2.2,0.81,0.08
2017-02-20 17:49,2017-02-21 21:36,1701012,ESW1-77b,8643,,14,,0,0,0,1,210,2017-02-20 17:49,2017-02-21 21:36,19,,,0.21,8643,0.231,14,,7.6,0.7,47,,25.1,2.4,0.1,<,0.03,0,0.77,,0.42,0.04,3.77,,2.03,0.2,0.267,,0.14,0.01,0.5,,0.27,0.03,3.8,2.06,0.2,3,1.62,0.16
,,,,,,,,0,1,0,1,211,2017-02-21 21:36,2017-02-23 06:45,20,,,0.03,1366,0.037,14,,1.2,0.1,47,,4,0.4,0.1,<,0,0,0.77,,0.07,0.01,3.77,,0.32,0.03,0.267,,0.02,0,0.5,,0.04,0,3.8,0.33,0.03,3,0.26,0.02
,,,,,,,,0,1,0,0,212,2017-02-27 13:36,2017-02-27 20:13,21,,,0.13,1730,0.046,14,,1.5,0.1,47,,5.1,0.5,0.1,<,0.01,0,0.77,,0.08,0.01,3.77,,0.41,0.04,0.267,,0.03,0,0.5,,0.05,0.01,3.8,0.41,0.04,3,0.32,0.03
2017-02-28 00:30,2017-02-28 22:17,1701223,ESW1-78a,14063,,15,,0,0,0,0,213,2017-02-28 00:30,2017-02-28 22:17,22,,,0.62,14063,0.376,21,,18.4,1.8,42,,37,3.6,0.2,,0.18,0.02,0.41,,0.36,0.03,2.61,,2.29,0.22,0.289,,0.25,0.02,0.453,,0.4,0.04,2.8,2.47,0.24,2.2,1.93,0.19
2017-02-28 22:17,2017-03-01 07:18,1701224,ESW1-78b,5049,,3,,0,0,0,0,214,2017-02-28 22:17,2017-03-01 07:18,23,,,0.32,5049,0.135,4,<,0.6,0.1,44,,13.8,1.3,0.4,,0.13,0.01,0.55,,0.17,0.02,3.07,,0.97,0.09,0.373,,0.12,0.01,0.545,,0.17,0.02,3.5,1.09,0.11,2.5,0.79,0.08
2017-03-05 14:00,2017-03-07 00:09,1701207,ESW1-79a,19766,,7,,0,0,0,0,215,2017-03-05 14:00,2017-03-07 00:09,24,,,0.55,19766,0.529,4,,4.9,0.5,33,,40.7,4,0.2,,0.25,0.02,0.44,,0.54,0.05,2.24,,2.76,0.27,0.34,,0.42,0.04,0.454,,0.56,0.05,2.4,3.01,0.29,1.8,2.22,0.22
2017-03-07 00:09,2017-03-07 12:45,1701208,ESW1-79b,5891,,7,,0,0,0,0,216,2017-03-07 00:09,2017-03-07 12:45,25,,,0.67,5891,0.158,215,,79.1,7.7,28,,10.3,1,0.1,<,0.02,0,0.4,,0.15,0.01,3.19,,1.17,0.11,0.325,,0.12,0.01,0.701,,0.26,0.03,3.2,1.19,0.12,2.8,1.03,0.1
,,,,,,,,0,1,0,0,217,2017-03-18 11:00,2017-03-18 17:00,26,,,0.09,766,0.02,91,,4.4,0.4,56,,2.7,0.3,1,,0.05,0,0.17,,0.01,0,2.9,,0.14,0.01,0.339,,0.02,0,,,0,0,3.9,0.19,0.02,2.7,0.13,0.01
2017-03-24 18:15,2017-03-25 15:15,1701327,ESW1-80a,4779,,13,,0,0,0,0,218,2017-03-24 18:15,2017-03-25 15:15,27,,,0.21,4779,0.128,91,,27.2,2.6,56,,16.6,1.6,1,,0.3,0.03,0.17,,0.05,0,2.9,,0.87,0.08,0.339,,0.1,0.01,0.59,,0.18,0.02,3.9,1.16,0.11,2.7,0.81,0.08
2017-03-25 15:15,2017-03-26 06:41,1701328,ESW1-80b,1600,,4,,0,0,0,0,219,2017-03-25 15:15,2017-03-26 06:41,28,,,0.07,1600,0.043,8,,0.8,0.1,51,,5.1,0.5,1.5,,0.15,0.01,0.1,,0.01,0,2.37,,0.24,0.02,0.264,,0.03,0,0.365,,0.04,0,3.9,0.39,0.04,2.3,0.23,0.02
2017-03-26 06:41,2017-03-27 08:15,1701329,ESW1-80c,11837,,13,,0,0,0,0,220,2017-03-26 06:41,2017-03-27 14:15,29,,,0.62,12012,0.321,190,,142.5,13.8,35,,26.3,2.6,1.7,,1.27,0.12,0.29,,0.22,0.02,3.35,,2.51,0.24,0.331,,0.25,0.02,0.69,,0.52,0.05,5.1,3.79,0.37,3.1,2.29,0.22
2017-03-30 05:00,2017-03-31 03:15,1701451,ESW1-81,5219,,15,,0,0,0,0,221,2017-03-30 05:00,2017-03-31 03:15,30,,,0.25,5219,0.14,33,,10.8,1,38,,12.5,1.2,0.1,<,0.02,0,0.07,,0.02,0,2.36,,0.77,0.07,0.264,,0.09,0.01,0.43,,0.14,0.01,2.4,0.79,0.08,2.3,0.75,0.07
2017-04-03 21:30,2017-04-04 14:45,1701452,ESW1-82,6809,,14,,0,0,0,0,222,2017-04-03 21:30,2017-04-04 14:45,31,,,0.26,6809,0.182,75,,31.9,3.1,34,,14.6,1.4,0.1,<,0.02,0,0.08,,0.03,0,2.45,,1.04,0.1,0.269,,0.11,0.01,0.468,,0.2,0.02,2.5,1.06,0.1,2.4,1.01,0.1
2017-04-15 03:11,2017-04-15 11:00,1701509,ESW1-83,4955,,6,,0,0,0,0,223,2017-04-15 03:11,2017-04-15 11:00,32,,,1.15,4955,0.133,1068,,330.4,32.1,17,,5.4,0.5,0.1,,0.03,0,0.37,,0.11,0.01,6.7,,2.07,0.2,0.337,,0.1,0.01,2.02,,0.62,0.06,6.8,2.1,0.2,6.3,1.96,0.19
2017-04-15 23:58,2017-04-16 08:00,1701510,ESW1-84,14888,,8,,0,0,0,0,224,2017-04-15 23:58,2017-04-16 08:00,33,,,2.54,14888,0.398,2062,,1916.5,186.1,12,,11.2,1.1,0.1,<,0.05,0,0.25,,0.23,0.02,10.8,,10.04,0.97,0.309,,0.29,0.03,3.21,,2.98,0.29,10.9,10.08,0.98,10.6,9.81,0.95
2017-04-20 01:26,2017-04-20 08:45,1701511,ESW1-85,11555,,9,,0,0,0,0,225,2017-04-20 01:26,2017-04-20 12:30,34,,,1.79,11611,0.311,1156,,837.9,81.4,12,,8.5,0.8,0.1,<,0.04,0,0.29,,0.21,0.02,6.71,,4.86,0.47,0.328,,0.24,0.02,2.04,,1.48,0.14,6.8,4.9,0.48,6.4,4.65,0.45
2017-04-27 03:51,2017-04-27 21:45,1702076,ESW1-86,9734,,12,,0,0,0,0,226,2017-04-27 03:51,2017-04-27 21:45,35,,,0.61,9734,0.26,182,,110.6,10.7,23,,14.2,1.4,0.1,<,0.03,0,0.16,,0.1,0.01,2.75,,1.67,0.16,0.381,,0.23,0.02,0.765,,0.46,0.05,2.8,1.7,0.17,2.6,1.57,0.15
2017-05-01 00:00,2017-05-01 15:04,1702083,ESW1-87a,22164,,14,,0,0,0,0,227,2017-05-01 00:00,2017-05-01 15:04,36,,,2.04,22164,0.593,582,,805.3,78.2,14,,19.6,1.9,0.1,<,0.07,0.01,0.15,,0.21,0.02,4.06,,5.62,0.55,0.309,,0.43,0.04,1.26,,1.74,0.17,4.1,5.69,0.55,3.9,5.41,0.53
2017-05-01 15:05,2017-05-02 11:45,1702084,ESW1-87b,3162,,9,,0,0,0,0,228,2017-05-01 15:05,2017-05-02 11:45,37,,,0.12,3162,0.085,57,,11.3,1.1,29,,5.7,0.5,0.1,<,0.01,0,0.08,,0.02,0,2.37,,0.47,0.05,0.28,,0.06,0.01,0.498,,0.1,0.01,2.4,0.48,0.05,2.3,0.45,0.04
2017-06-03 20:58,2017-06-04 09:45,1702375,ESW1-88,13075,,9,,0,0,0,0,229,2017-06-03 20:58,2017-06-04 09:45,38,,,2.84,13075,0.35,1640,,1338.7,130,15,,12,1.2,0.9,,0.73,0.07,0.3,,0.24,0.02,6.8,,5.55,0.54,0.34,,0.28,0.03,2.11,,1.72,0.17,7.7,6.29,0.61,6.5,5.31,0.52
2017-06-22 01:42,2017-06-22 04:33,1702785,ESW1-89a,3556,,4,,0,0,0,0,230,2017-06-22 01:42,2017-06-22 04:33,39,,,0.68,3556,0.095,782,,173.6,16.9,10,,2.2,0.2,0.2,,0.04,0,0.06,,0.01,0,3.27,,0.73,0.07,0.244,,0.05,0.01,1.12,,0.25,0.02,3.5,0.77,0.07,3.2,0.71,0.07
2017-06-22 04:33,2017-06-22 14:38,1702786,ESW1-89b,10919,,8,,0,0,0,0,231,2017-06-22 04:33,2017-06-22 14:38,40,,,1.6,10919,0.292,529,,360.6,35,21,,14.2,1.4,0.2,,0.14,0.01,0.17,,0.12,0.01,2.93,,2,0.19,0.306,,0.21,0.02,0.894,,0.61,0.06,3.1,2.13,0.21,2.8,1.88,0.18
2017-06-22 17:07,2017-06-23 13:15,1702787,ESW1-90,19738,,14,,0,0,0,0,232,2017-06-22 17:07,2017-06-23 13:15,41,,,1.1,19738,0.528,60,,73.9,7.2,23,,28.3,2.8,0.1,<,0.06,0.01,0.08,,0.1,0.01,2.11,,2.6,0.25,0.406,,0.5,0.05,0.547,,0.67,0.07,2.2,2.66,0.26,2,2.5,0.24
2017-07-07 18:00,2017-07-08 03:15,1703301,ESW1-91,13637,,6,,0,0,0,0,233,2017-07-07 18:00,2017-07-08 03:15,42,,,2.72,13637,0.365,1963,,1671.2,162.3,2,,1.6,0.2,1.4,,1.19,0.12,0.11,,0.09,0.01,9.73,,8.28,0.8,0.549,,0.47,0.05,3.32,,2.83,0.27,11.1,9.48,0.92,9.6,8.19,0.8
2017-07-15 20:54,2017-07-16 03:15,1703422,ESW1-92,2825,,4,,0,0,0,0,234,2017-07-15 20:54,2017-07-16 03:15,43,,,0.41,2825,0.076,294,,51.9,5,11,,1.9,0.2,0.1,,0.02,0,0.15,,0.03,0,2.52,,0.44,0.04,0.478,,0.08,0.01,0.994,,0.18,0.02,2.6,0.46,0.04,2.4,0.42,0.04
2017-08-03 11:16,2017-08-03 14:06,1703909,ESW1-93a,8115,,4,,0,0,0,0,235,2017-08-03 11:16,2017-08-03 14:06,44,,,2,8115,0.217,1187,,601.3,58.4,1,<,0.1,0,0.1,<,0.03,0,0.09,,0.05,0,5.03,,2.55,0.25,0.645,,0.33,0.03,1.92,,0.97,0.09,5.1,2.57,0.25,4.9,2.5,0.24
2017-08-03 14:06,2017-08-04 04:15,1703910,ESW1-93b,10688,,8,,0,0,0,0,236,2017-08-03 14:06,2017-08-04 04:15,45,,,1.39,10688,0.286,379,,252.9,24.6,10,,6.5,0.6,0.1,<,0.03,0,0.07,,0.05,0,3.04,,2.03,0.2,0.685,,0.46,0.04,1.19,,0.79,0.08,3.1,2.06,0.2,3,1.98,0.19
2017-08-04 08:00,2017-08-04 22:15,1703911,ESW1-94,6311,,7,,0,0,0,0,237,2017-08-04 08:05,2017-08-04 22:15,46,,,0.72,6311,0.169,178,,70.1,6.8,16,,6.1,0.6,0.1,<,0.02,0,0.07,,0.03,0,2.64,,1.04,0.1,0.564,,0.22,0.02,0.92,,0.36,0.04,2.7,1.06,0.1,2.6,1.01,0.1
,,,,,,,,0,1,0,0,238,2017-08-30 15:59,2017-08-30 17:30,,,,0.24,427,0.011,178,,4.7,0.5,16,,0.4,0,0.1,<,0.001332362,0.000129356,0.07,,0,0,2.64,,0.07,0.01,0.564,,0.02,0,0.92,,0.02,0,2.69,0.07,0.01,2.6,0.07,0.01
2018-06-18 04:37,2018-06-18 16:45,1803009,ESW1-95,13766,,18,,0,0,0,0,239,2018-06-18 04:37,2018-06-18 16:45,,,,2.84,13766,0.368,21,,18,1.8,2.6,,2.2,0.2,0.1,<,0.04,0,0.02,,0.02,0,0.98,,0.84,0.08,0.54,,0.46,0.05,0.62,,0.53,0.05,1,0.89,0.09,1,0.83,0.08
2018-08-28 16:03,2018-08-29 11:00,1804802,ESW1-96,34201,,16,,0,0,0,0,240,2018-08-28 16:03,2018-08-29 11:00,,,,6.04,34201,0.915,371,,792.1,76.9,1.7,,3.6,0.4,0.1,<,0.11,0.01,0.11,,0.23,0.02,2.24,,4.78,0.46,1.1,,2.35,0.23,1.6,,3.42,0.33,2.3,4.89,0.47,2.1,4.55,0.44
2018-09-04 00:15,2018-09-04 18:00,1804816,ESW1-97,47232,,14,,0,0,0,0,241,2018-09-04 00:15,2018-09-04 18:00,,,,5.11,47232,1.263,544,,1604,155.7,3.1,,9.1,0.9,0.2,,0.59,0.06,0.08,,0.24,0.02,3.94,,11.62,1.13,1.2,,3.54,0.34,2.2,,6.49,0.63,4.1,12.21,1.19,3.9,11.38,1.11
2018-09-05 07:00,2018-09-06 00:00,1805027,ESW1-98,3717,,7,,0,0,0,0,242,2018-09-05 07:00,2018-09-06 00:00,,,,0.21,3717,0.099,56,,13,1.3,17.3,,4,0.4,0.05,,0.01,0,0.12,,0.03,0,2.26,,0.52,0.05,1.4,,0.32,0.03,1.7,,0.39,0.04,2.3,0.54,0.05,2.1,0.5,0.05
,,,,680,,2,samples dumped in the field,0,1,1,0,243,2018-09-17 20:20,2018-09-17 22:30,,,,0.34,680,0.018,,,0,0,,,0,0,,,0,0,,,0,0,,,0,0,,,0,0,,,0,0,0,0,0,0,0,0
2018-09-21 01:32,2018-09-21 10:30,1805028,ESW1-99,3207,,5,,0,0,0,0,244,2018-09-21 01:32,2018-09-21 10:30,,,,0.33,3207,0.086,358,,71.7,7,9.5,,1.9,0.2,0.2,,0.04,0,0.18,,0.04,0,3.99,,0.8,0.08,1.4,,0.28,0.03,2,,0.4,0.04,4.2,0.84,0.08,3.8,0.76,0.07
