"unique_storm_number","sub_storms","suspended_sediment_load_pounds","chloride_load_pounds","no2_no3n_load_pounds","ammonium_n_load_pounds","tkn_unfiltered_load_pounds","orthophosphate_load_pounds","tp_unfiltered_load_pounds","total_nitrogen_load_pounds","organic_nitrogen_load_pounds","sum_runoff","sample_start","sample_end","storm_start","storm_end","peak_discharge","runoff_volume","frozen","X","stormnum","rain_startdate","rain_enddate","rain","duration","Ievent","I5","I10","I15","I30","I60","energy_m1","erosivity_m1","energy_m2","erosivity_m2","ARFdays1","ARFdays2","ARFdays7","ARFdays14","ant_discharge_date","ant_dis_1day_max","ant_dis_2day_mean","ant_dis_2day_max","ant_dis_3day_mean","ant_dis_3day_max","ant_dis_7day_mean","ant_dis_7day_max","ant_dis_14day_mean","ant_dis_14day_max","sin_sdate","cos_sdate","tmax","tmin","snwd_diff","days_since_planting","days_since_fertilizer","days_since_cultivation","days_since_disturbance"
1,"ESW2-1",37199.7,558.8,144.02,16.04,57.24,6.19,14.4,201.26,41.21,72775,"2013-01-10 20:00:00","2013-01-10 20:00:00","2013-01-10 19:53:00","2013-01-13 21:34:00",1.6655,72775,1,1,1,"2013-01-10 19:16:00","2013-01-11 09:18:00",0.34,14.0333333333333,0.0242280285035629,0.24,0.18,0.16,0.16,0.13,140.591807130452,0.224946891408723,166.571152936969,0.26651384469915,0,0,0,0,"2012-12-27 19:53:00",3.7,3.7,3.7,3.71666666666667,3.75,3.73285714285714,3.82,3.88,4.44,0.188226709843243,0.982125605868001,7.2,-11.7,-7.0078778,0,77,72,10
3,"ESW2-2",1021.5,30.4,9.51,2.88,11.17,2.78,4.23,20.67,8.28,49136,"2013-01-29 02:53:00","2013-01-29 02:53:00","2013-01-29 02:49:00","2013-01-30 11:03:00",1.866,49136,1,2,2,"2013-01-29 01:24:00","2013-01-30 06:27:00",0.8,29.05,0.0275387263339071,1.2,0.66,0.52,0.52,0.4,544.279967961087,2.83025583339765,542.625539584926,2.82165280584162,0,0,0,0,"2013-01-15 02:49:00",27,16,27,11.6666666666667,27,6.42857142857143,27,6.94285714285714,27,0.478733840115788,0.877960084700888,7.2,-8.9,3.9763801,0,96,91,10
5,"ESW2-3",529.4,17.2,9.85,5.79,17.24,4.03,6.04,27.08,11.45,193847,"2013-03-09 17:42:00","2013-03-09 17:42:00","2013-03-09 17:31:00","2013-03-15 21:26:00",2.552,193847,1,3,3,"2013-03-09 16:20:00","2013-03-11 16:09:00",1.3,46.8166666666667,0.0277678889284443,0.24,0.24,0.2,0.18,0.15,573.652293576184,1.03257412843713,690.339280556547,1.24261070500178,0,0,0,0,"2013-02-23 17:31:00",17,15.5,17,14.6666666666667,17,14.1428571428571,17,15.1428571428571,17,0.920971287716634,0.389630449530789,3.3,-9.4,-4.0157502,0,135,130,10
7,"ESW2-4a",2241.1,18.6,3.29,2.19,13.67,2.16,4.94,16.96,11.48,58562,"2013-03-27 08:00:00","2013-03-27 08:00:00","2013-03-27 08:00:00","2013-03-28 07:43:00",3.03,58562,1,4,4,"2013-03-27 08:00:00","2013-03-27 08:01:00",0,0.0166666666666667,0,0,0,0,0,0,0,0,0,0,0,0,0,0,"2013-03-13 08:00:00",70,56.5,70,53.3333333333333,70,51.8571428571429,70,71.1428571428571,160,0.995918996147179,0.0902516100310421,7.2,-3.3,-2.0078751,0,153,148,10
8,"ESW2-4b",225066.2,72,7.26,5.14,180.93,2.17,121.03,188.2,175.79,96932,"2013-03-28 07:43:00","2013-03-28 07:43:00","2013-03-28 07:43:00","2013-03-30 11:02:00",2.3313,96932,1,5,5,"2013-03-28 07:43:00","2013-03-28 07:44:00",0,0.0166666666666667,0,0,0,0,0,0,0,0,0,0,0,0,0,0,"2013-03-14 07:43:00",180,125,180,97.6666666666667,180,69.8571428571429,180,72.5714285714286,180,0.997324973108155,0.0730951298980782,8.9,-3.3,-3.0314977,0,154,149,10
9,"ESW2-4c",1082.8,65.7,5.73,7.37,15.93,4.31,5.82,21.66,8.56,39874,"2013-03-30 11:02:00","2013-03-30 11:02:00","2013-03-30 11:02:00","2013-03-31 23:10:00",1.1224,39874,1,6,6,"2013-03-30 11:02:00","2013-03-30 22:15:00",0.09,11.2166666666667,0.00802377414561664,0.12,0.12,0.08,0.08,0.06,38.5692889912003,0.0308554311929602,42.1590982542886,0.0337272786034309,0,0,0,0,"2013-03-16 11:02:00",294,297,300,258,300,140.428571428571,300,100.714285714286,300,0.999250011239683,0.0387222808921754,7.2,-1.7,-2.0078751,0,156,151,10
11,"ESW2-4e",10.6,13.6,0.29,1.01,1.75,0.28,0.33,2.04,0.73,2618,"2013-04-06 10:15:00","2013-04-06 10:15:00","2013-04-06 10:15:00","2013-04-07 06:00:00",0.0781,2618,1,7,7,"2013-04-06 09:12:00","2013-04-07 01:09:00",0.04,15.95,0.00250783699059561,0.12,0.06,0.04,0.04,0.02,18.5260864342767,0.00741043457371068,12.9271777018036,0.00517087108072146,0,0,0.09,0.09,"2013-03-23 10:15:00",162,173,184,178.333333333333,189,231.714285714286,318,186.071428571429,318,0.99665890175417,-0.0816763953304215,10,-1,0,0,163,158,10
13,"ESW2-5a",110.7,43.9,2.3,2.61,5,0.66,0.9,7.3,2.39,6566,"2013-04-08 09:26:00","2013-04-08 09:26:00","2013-04-08 09:26:00","2013-04-09 09:38:00",0.2816,6566,1,8,8,"2013-04-08 09:14:00","2013-04-09 09:36:00",0.24,24.3666666666667,0.00984952120383037,0.24,0.24,0.16,0.12,0.1,117.374778002379,0.140849733602855,135.105075722563,0.162126090867075,0,0.03,0.04,0.13,"2013-03-25 09:26:00",175,176.5,178,171.666666666667,178,194.428571428571,261,204.428571428571,318,0.993256849267414,-0.1159345995955,3.9,0,0,0,165,160,10
14,"ESW2-5b",3928.8,165.9,23.95,8.24,35.17,2.85,9.19,59.12,26.93,34560,"2013-04-09 09:38:00","2013-04-09 09:38:00","2013-04-09 09:38:00","2013-04-09 22:22:00",4.241,34560,1,9,9,"2013-04-09 09:36:00","2013-04-09 16:31:00",0.6,6.91666666666667,0.0867469879518072,0.6,0.6,0.52,0.4,0.34,386.358436707839,1.54543374683136,411.779459445555,1.64711783778222,0.18,0.23,0.27,0.36,"2013-03-26 09:38:00",200,187.5,200,184.333333333333,200,185.714285714286,212,215.642857142857,318,0.991114063993455,-0.133014706534195,2.8,0,0,0,166,161,10
15,"ESW2-5c",4744.4,433.6,89.55,20.27,64.41,8.8,16.89,153.96,44.15,125824,"2013-04-09 22:22:00","2013-04-09 22:22:00","2013-04-09 22:22:00","2013-04-11 03:30:00",7.68,125824,1,10,10,"2013-04-09 22:22:00","2013-04-10 21:28:00",0.76,23.1,0.0329004329004329,2.04,1.2,0.8,0.44,0.23,432.126661141532,1.90135730902274,468.63596051824,2.06199822628025,0.61,0.84,0.88,0.97,"2013-03-26 22:22:00",200,187.5,200,184.333333333333,200,185.714285714286,212,215.642857142857,318,0.98867759023234,-0.150055398344652,2.8,-0.5,1.968505,0,166,161,10
16,"ESW2-5d",5558.6,196.6,32.23,10.15,26.37,3.14,6.85,58.6,16.22,42664,"2013-04-11 03:30:00","2013-04-11 03:30:00","2013-04-11 03:30:00","2013-04-12 09:11:00",1.1259,42664,1,11,11,"2013-04-11 03:30:00","2013-04-12 05:23:00",0.22,25.8833333333333,0.00849967804249839,0.12,0.12,0.12,0.08,0.07,85.846921247376,0.0686775369979008,86.1739487229909,0.0689391589783927,0.51,1.37,1.64,1.73,"2013-03-28 03:30:00",605,680.5,756,520.333333333333,756,322.857142857143,756,295,756,0.985948149963831,-0.167051625502118,2.2,-0.5,-1.181103,0,168,163,10
18,"ESW2-5e",26627.6,152.7,18.84,8.11,26.21,2.15,8.7,45.04,18.1,32797,"2013-04-14 10:15:00","2013-04-14 10:15:00","2013-04-14 10:15:00","2013-04-16 15:15:00",2.0008,32797,1,12,12,"2013-04-14 10:15:00","2013-04-15 14:57:00",0.39,28.7,0.013588850174216,0.36,0.36,0.32,0.24,0.2,220.285356555905,0.528684855734171,242.964126369611,0.583113903287066,0,0,1.82,1.86,"2013-03-31 10:15:00",156,219,282,261,345,359.857142857143,756,287.357142857143,756,0.976010550632369,-0.217723230396531,15.6,-3.2,-3.149608,0,171,166,10
19,"ESW2-6",175.4,105,8.35,5.17,10.4,1.54,2.01,18.75,5.24,19380,"2013-04-17 13:45:00","2013-04-17 13:45:00","2013-04-17 13:30:00","2013-04-20 02:02:00",0.345,19380,0,13,13,"2013-04-17 13:30:00","2013-04-19 11:04:00",0.39,45.5666666666667,0.008558888076079,0.24,0.18,0.16,0.14,0.14,165.380504691062,0.231532706567487,177.496755400015,0.248495457560022,0,0.01,0.85,2.25,"2013-04-03 13:30:00",121,166.5,212,180.333333333333,212,275.571428571429,605,269.5,756,0.963470548564149,-0.267814305162174,7.8,-3.8,0,0,174,169,10
22,"ESW2-7",7264,122,30.26,1.67,10.62,1.14,3.45,40.88,8.95,29367,"2013-05-02 15:01:00","2013-05-02 15:01:00","2013-05-02 14:55:00","2013-05-07 07:15:00",0.8633,29367,0,14,14,"2013-05-02 14:54:00","2013-05-03 20:42:00",1.59,29.8,0.0533557046979866,0.96,0.72,0.48,0.38,0.31,965.778654176352,3.66995888587014,1054.76043381276,4.00808964848849,0,0,0,0.05,"2013-04-18 14:55:00",24.7,23.85,24.7,23.9666666666667,24.7,25.1428571428571,30.9,50.6785714285714,177,0.863142128049912,-0.504961054721519,25,1.7,0,0,189,184,10
24,"ESW2-8",681.4,36.5,5.01,0.06,2.47,0.11,0.96,7.48,2.41,4035,"2013-06-15 21:37:00","2013-06-15 21:37:00","2013-06-15 21:36:00","2013-06-16 16:00:00",1.02,4035,0,15,15,"2013-06-15 20:36:00","2013-06-16 10:04:00",0.89,13.4666666666667,0.0660891089108911,2.04,1.32,1.2,1.02,0.62,811.249553671079,8.27474544744501,782.503828391562,7.98153904959394,0,0,0,0,"2013-06-01 21:36:00",6.66,6.135,6.66,6.14333333333333,6.66,7.47285714285714,10.7,11.9678571428571,25.5,0.263665492728008,-0.964614175691243,28.3,13.3,0,10,12,12,10
26,"ESW2-9",932.6,14.3,1.58,0.05,3.24,0.1,1.24,4.82,3.2,4441,"2013-06-21 08:59:00","2013-06-21 08:59:00","2013-06-21 08:58:00","2013-06-21 16:15:00",0.98,4441,0,16,16,"2013-06-21 08:57:00","2013-06-21 11:17:00",0.67,2.33333333333333,0.287142857142857,2.88,1.8,1.44,0.76,0.41,552.435553225018,4.19851020451014,567.322841486756,4.31165359529935,0,0,0.89,0.89,"2013-06-07 08:58:00",5.31,5.63,5.95,6.55,8.39,11.5871428571429,23.9,10.1328571428571,23.9,0.179766585725562,-0.98370929377361,26.1,18.9,0,16,18,18,10
27,"ESW2-10",3428,31,4.03,0.09,11.83,0.39,4.32,15.86,11.74,14040,"2013-06-22 23:15:00","2013-06-22 23:15:00","2013-06-22 23:09:00","2013-06-23 08:08:00",5.21,14040,0,17,17,"2013-06-22 23:09:00","2013-06-23 02:17:00",0.42,3.13333333333333,0.134042553191489,1.56,1.26,1,0.62,0.34,332.036464333644,2.05862607886859,330.06244983948,2.04638718900478,0,0.67,0.68,1.56,"2013-06-08 23:09:00",6.62,5.965,6.62,5.96,6.62,11.5814285714286,23.9,9.52714285714286,23.9,0.145799196919876,-0.989314203970366,30,17.2,0,17,19,19,10
28,"ESW2-11",23546.1,143,21.77,1.24,59.85,2.39,23.15,81.62,58.62,79237,"2013-07-08 05:43:00","2013-07-08 05:43:00","2013-07-08 05:42:00","2013-07-08 13:33:00",21.84,79237,0,18,18,"2013-07-08 05:15:00","2013-07-08 08:40:00",2.23,3.41666666666667,0.652682926829268,1.92,1.62,1.52,1.26,1.06,2154.41028932134,27.1455696454488,2035.87271530532,25.651996212847,0,0,0,0,"2013-06-24 05:42:00",65.1,33.555,65.1,23.1866666666667,65.1,11.8514285714286,65.1,11.8214285714286,65.1,-0.111659007121694,-0.993746580436178,28.3,19.4,0,30,35,35,10
29,"ESW2-12",761.4,6.4,0.58,0.02,2.16,0.06,0.79,2.74,2.13,2661,"2013-07-09 12:45:00","2013-07-09 12:45:00","2013-07-09 12:44:00","2013-07-09 15:41:00",0.86,2661,0,19,19,"2013-07-09 12:44:00","2013-07-09 13:28:00",0.22,0.733333333333333,0.3,1.32,0.9,0.68,0.38,0.22,187.072671451487,0.710876151515651,184.57837566733,0.701397827535855,0,2.23,2.23,2.23,"2013-06-25 12:44:00",113,89.05,113,60.0366666666667,113,27.4271428571429,113,19.1864285714286,113,-0.12874817745258,-0.99167731989929,27.2,18.3,0,30,36,36,10
35,"ESW2-13",12.4,5.772229008,0.296011744,0.01,0.231523471,0.054550736,0.076751616,0.53,0.22,1685,"2013-10-31 22:30:00","2013-10-31 22:30:00","2013-10-31 22:15:00","2013-11-01 13:15:00",0.1167,1685,0,20,20,"2013-10-31 13:19:00","2013-11-01 08:25:00",1.152,19.1,0.0603141361256544,0.432,0.378,0.324,0.252,0.18,590.60533660307,1.48832544823974,698.5112154755,1.76024826299826,0,0,0,0,"2013-10-17 22:15:00",3.62,2.115,3.62,1.59,3.62,1.04714285714286,3.62,0.935714285714286,3.62,-0.858763958275803,0.512371412128423,14.4,6.1,0,0,98,1,1
36,"ESW2-14",60,18.83612048,2.1116727,0.02,1.228993511,0.236085008,0.378411748,3.34,1.21,6756,"2013-11-05 16:15:00","2013-11-05 16:15:00","2013-11-05 16:13:00","2013-11-07 03:00:00",0.1859,6756,0,21,21,"2013-11-05 16:13:00","2013-11-06 10:21:00",0.95,18.1333333333333,0.0523897058823529,0.24,0.24,0.2,0.16,0.14,422.685327569405,0.676296524111047,515.892006285941,0.825427210057506,0,0,0,0,"2013-10-22 17:13:00",4.37,5.395,6.42,7.49666666666667,11.7,10.4171428571429,23.7,5.51928571428571,23.7,-0.821476553302415,0.570242292691787,12.2,-2.1,0,0,103,6,6
38,"ESW2-15a",32.1,4.077389172,0.06958002,0.01,0.20804426,0.021500226,0.073754821,0.28,0.2,1115,"2013-11-16 17:45:00","2013-11-16 17:45:00","2013-11-16 17:30:00","2013-11-17 07:45:00",0.0638,1115,0,22,22,"2013-11-16 17:01:00","2013-11-16 20:09:00",0.299,3.13333333333333,0.0954255319148936,0.996,0.714,0.548,0.328,0.182,200.28631746667,0.656939121290678,211.776317185959,0.694626320369946,0,0,0,0.855,"2013-11-02 18:30:00",4.94,4.325,4.94,4.22,4.94,6.37142857142857,11.7,13.3635714285714,44.2,-0.699458327051648,0.71467338604296,14.4,0.6,0,0,114,17,10
39,"ESW2-15b",175.8,22.72273095,3.0960412,0.18,2.36626006,0.293018185,0.6634374,5.46,2.19,8839,"2013-11-17 08:00:00","2013-11-17 08:00:00","2013-11-17 07:45:00","2013-11-18 18:45:00",0.25,8839,0,23,23,"2013-11-17 07:45:00","2013-11-18 07:33:00",0.01,23.8,0.000420168067226891,0.12,0.06,0.04,0.02,0.01,8.71840619595693,0.00174368123919139,8.42568063876986,0.00168513612775397,0,0,0,0.95,"2013-11-03 07:45:00",80.5,42.72,80.5,29.7166666666667,80.5,16.2,80.5,18.2778571428571,80.5,-0.687052767223668,0.726607524768564,14.4,-2.1,0,0,115,18,10
40,"ESW2-16a",6.3,5.65782651,2.388860082,1.46,2.74090262,0.554466998,0.666366233,5.13,1.28,20140,"2014-03-10 18:00:00","2014-03-10 18:00:00","2014-03-10 17:45:00","2014-03-14 09:45:00",0.11,20140,1,24,24,"2014-03-10 17:45:00","2014-03-10 17:46:00",0,0.0166666666666667,0,0,0,0,0,0,0,0,0,0,0,0,0,0,"2014-02-24 16:45:00",2.98,2.765,2.98,2.6,2.98,2.12714285714286,2.98,1.97642857142857,2.98,0.927541683579196,0.373719714790471,11.7,-15.5,-7.086618,0,228,131,10
41,"ESW2-16b",147.8,7.627264704,3.813632352,1.74,6.530845403,0.736507748,1.294251479,10.34,4.79,38180,"2014-03-14 09:45:00","2014-03-14 09:45:00","2014-03-14 09:45:00","2014-03-15 14:41:00",2.79,38180,1,25,25,"2014-03-14 09:45:00","2014-03-14 09:46:00",0,0.0166666666666667,0,0,0,0,0,0,0,0,0,0,0,0,0,0,"2014-02-28 08:45:00",4.28,4.17,4.28,4.02666666666667,4.28,3.32428571428571,4.28,2.48642857142857,4.28,0.951056516295153,0.309016994374948,6.7,-11.6,-1.968505,0,232,135,10
42,"ESW2-16c",53,2.461676382,1.268136318,0.65,2.797359525,0.283465765,0.522919741,4.07,2.15,11949,"2014-03-15 14:41:00","2014-03-15 14:41:00","2014-03-15 14:41:00","2014-03-16 00:39:00",0.71,11949,1,26,26,"2014-03-15 14:41:00","2014-03-15 14:42:00",0,0.0166666666666667,0,0,0,0,0,0,0,0,0,0,0,0,0,0,"2014-03-01 13:41:00",4.56,4.42,4.56,4.3,4.56,3.65142857142857,4.56,2.70428571428571,4.56,0.956234826591905,0.292600335633349,1.1,-14.9,-1.968505,0,233,136,10
44,"ESW2-17",334.4,4.695518652,2.276615104,1.32,4.524772519,0.573422429,1.094198134,6.8,3.2,22792,"2014-03-18 15:00:00","2014-03-18 15:00:00","2014-03-18 14:45:00","2014-03-21 08:30:00",0.44,22792,1,27,27,"2014-03-18 14:45:00","2014-03-18 14:46:00",0,0.0166666666666667,0,0,0,0,0,0,0,0,0,0,0,0,0,0,"2014-03-04 13:45:00",5.14,5.06,5.14,4.97,5.14,4.50714285714286,5.14,3.44642857142857,5.14,0.970063921851507,0.242849722095937,5,-5.5,-3.149608,0,236,139,10
47,"ESW2-19a",2168.7,8.709207046,5.282633782,1.16,11.99300642,0.545396245,3.969114031,17.28,10.84,22870,"2014-03-27 14:45:00","2014-03-27 14:45:00","2014-03-27 14:30:00","2014-03-28 08:00:00",1.85,22870,1,28,28,"2014-03-27 14:30:00","2014-03-27 23:57:00",0.59,9.45,0.0624338624338624,0.36,0.3,0.32,0.28,0.24,318.924490239381,0.892988572670267,366.737157414614,1.02686404076092,0,0,0,0,"2014-03-13 14:30:00",46.8,43.15,46.8,39.8333333333333,46.8,27.52,46.8,16.3221428571429,46.8,0.995918996147179,0.0902516100310432,5,-0.5,-3.149608,0,245,148,10
48,"ESW2-19b",264.8,3.205103836,2.019654472,0.32,2.1952766,0.199770171,0.632239661,4.21,1.87,7033,"2014-03-28 08:00:00","2014-03-28 08:00:00","2014-03-28 08:00:00","2014-03-28 22:30:00",0.42,7033,1,29,29,"2014-03-28 08:00:00","2014-03-28 08:01:00",0,0.0166666666666667,0,0,0,0,0,0,0,0,0,0,0.477,0.477,0.477,0.477,"2014-03-14 08:00:00",71.8,59.3,71.8,52.7,71.8,36.4714285714286,71.8,21.145,71.8,0.997324973108155,0.0730951298980785,5,-0.5,0,0,246,149,10
53,"ESW2-20a",1050.8,16.25470174,3.673663242,0.12,5.082739554,0.204316065,1.932447514,8.76,4.96,8061,"2014-04-12 13:12:00","2014-04-12 13:12:00","2014-04-12 13:12:00","2014-04-13 01:56:00",0.82,8061,0,30,30,"2014-04-12 10:11:00","2014-04-13 01:55:00",1.1,15.7333333333333,0.0699152542372881,0.84,0.48,0.44,0.4,0.35,702.77171877143,2.81108687508572,770.7280337966,3.0829121351864,0,0,0,0,"2014-03-29 13:12:00",65.7,51.8,65.7,49.8666666666667,65.7,60.8714285714286,78.4,97.1,218,0.982926551979983,-0.183998351657678,10,2.8,0,0,261,164,10
54,"ESW2-20b",2134.9,39.1428066,12.47262312,0.13,9.951561,0.479001803,3.808130676,22.42,9.82,21254,"2014-04-13 01:56:00","2014-04-13 01:56:00","2014-04-13 01:56:00","2014-04-13 17:15:00",1.85,21254,0,31,31,"2014-04-13 01:20:00","2014-04-13 17:09:00",0.55,15.8166666666667,0.0347734457323498,0.36,0.3,0.28,0.26,0.22,324.055567322768,0.842544475039198,375.098651001047,0.975256492602722,1.07,1.07,1.07,1.07,"2014-03-30 01:56:00",273,169.35,273,125.533333333333,273,88.6714285714286,273,103.742857142857,273,0.97961369164549,-0.200890555130635,10,2.8,0,0,262,165,10
55,"ESW2-20c",14189.7,68.54052686,28.71292342,0.14,54.18406516,1.630153071,22.09042656,82.9,54.05,74183,"2014-04-13 17:15:00","2014-04-13 17:15:00","2014-04-13 17:15:00","2014-04-14 07:46:00",4.58,74183,0,32,32,"2014-04-13 17:09:00","2014-04-14 04:00:00",1.35,10.85,0.124423963133641,0.48,0.36,0.32,0.28,0.26,749.40644748427,2.09833805295596,877.708336748144,2.4575833428948,0.59,1.64,1.64,1.64,"2014-03-30 17:15:00",273,169.35,273,125.533333333333,273,88.6714285714286,273,103.742857142857,273,0.97961369164549,-0.200890555130635,10,-4.9,1.968505,0,262,165,10
56,"ESW2-20d",287.8,18.97571203,7.194088626,0.07,2.543996558,0.362832296,0.989447841,9.74,2.47,16701,"2014-04-14 07:46:00","2014-04-14 07:46:00","2014-04-14 07:46:00","2014-04-15 02:15:00",0.91,16701,0,33,33,"2014-04-14 07:46:00","2014-04-14 07:47:00",0,0.0166666666666667,0,0,0,0,0,0,0,0,0,0,1.36,3,3,3,"2014-03-31 07:46:00",886,579.5,886,408.233333333333,886,204.6,886,151.457142857143,886,0.976010550632369,-0.217723230396531,3.3,-7.1,1.968505,0,263,166,10
57,"ESW2-21a",50.8,5.753350708,0.43042524,0.02,0.470598262,0.04519465,0.140749053,0.9,0.45,2298,"2014-04-29 02:52:00","2014-04-29 02:52:00","2014-04-29 02:45:00","2014-04-29 15:59:00",0.18,2298,0,34,34,"2014-04-29 02:33:00","2014-04-29 09:02:00",0.29,6.48333333333333,0.0447300771208226,0.24,0.18,0.2,0.16,0.13,135.746986224898,0.217195177959838,161.241206585588,0.257985930536941,0,0,0,0,"2014-04-15 02:45:00",45.5,35.75,45.5,34.3333333333333,45.5,36.9,47.2,61.6642857142857,173,0.888057322629494,-0.459732739452102,6.7,2.8,0,0,278,181,10
58,"ESW2-21b",77.4,24.37549915,4.035317532,0.04,1.292392237,0.185406481,0.326642595,5.33,1.25,8735,"2014-04-29 15:59:00","2014-04-29 15:59:00","2014-04-29 15:59:00","2014-04-30 13:49:00",0.52,8735,0,35,35,"2014-04-29 15:59:00","2014-04-29 23:37:00",0.22,7.63333333333333,0.02882096069869,0.36,0.24,0.2,0.1,0.09,103.965717081148,0.103965717081148,118.507660204428,0.118507660204428,0.29,0.29,0.29,0.29,"2014-04-15 15:59:00",45.5,35.75,45.5,34.3333333333333,45.5,36.9,47.2,61.6642857142857,173,0.888057322629494,-0.459732739452102,12.2,2.8,0,0,278,181,10
59,"ESW2-21c",9,13.99259596,2.105308016,0.01,0.572541082,0.093198391,0.11835939,2.68,0.56,4113,"2014-04-30 13:49:00","2014-04-30 13:49:00","2014-04-30 13:49:00","2014-05-01 17:45:00",0.14,4113,0,36,36,"2014-04-30 13:49:00","2014-05-01 17:24:00",0.1,27.5833333333333,0.00362537764350453,0.12,0.12,0.12,0.06,0.06,42.8055559612451,0.0256833335767471,41.512569605657,0.0249075417633942,0.22,0.51,0.51,0.51,"2014-04-16 13:49:00",106,75.75,106,59.1666666666667,106,47.3285714285714,106,56.8785714285714,122,0.880012203973536,-0.47495107206705,12.2,4.4,0,0,279,182,10
68,"ESW2-22b",19213.6,7.69263756,5.384846292,2.49,73.08005682,0.803880625,26.41138896,78.46,70.59,20537,"2014-06-01 18:00:00","2014-06-01 18:00:00","2014-06-01 18:00:00","2014-06-01 20:46:00",14.16,20537,0,37,37,"2014-06-01 15:57:00","2014-06-01 19:47:00",1.82,3.83333333333333,0.474782608695652,7.2,4.56,4.72,2.84,1.82,3539.44292023653,100.520178934718,3422.60866213491,97.2020860046314,0,0,0,0,"2014-05-18 18:00:00",27.9,17.235,27.9,14.1466666666667,27.9,12.2585714285714,27.9,23.4364285714286,74.8,0.501241813445777,-0.865307254363205,30,18.3,0,2,2,3,2
69,"ESW2-22c",1702,4.406842476,2.937894984,0.69,7.891992408,0.16273634,2.540415074,10.83,7.2,4614,"2014-06-01 20:46:00","2014-06-01 20:46:00","2014-06-01 20:46:00","2014-06-01 23:01:00",2.2,4614,0,38,38,"2014-06-01 15:57:00","2014-06-01 22:58:00",2.14,7.01666666666667,0.304988123515439,7.2,4.56,4.72,2.84,1.82,3788.68026047905,107.598519397605,3668.75365078166,104.192603682199,0,0,0,0,"2014-05-18 20:46:00",27.9,17.235,27.9,14.1466666666667,27.9,12.2585714285714,27.9,23.4364285714286,74.8,0.486272707108691,-0.87380710361108,30,18.3,0,2,2,3,2
82,"ESW2-23",225.6,1.195050328,0.185438844,0.01,1.015792779,0.081387048,0.407965457,1.2,1.01,3231,"2014-08-25 08:35:00","2014-08-25 08:35:00","2014-08-25 08:32:00","2014-08-25 16:00:00",1.57,3231,0,39,39,"2014-08-25 07:01:00","2014-08-25 09:58:00",0.87,2.95,0.294915254237288,2.64,2.34,1.92,1.08,0.59,852.684008076452,9.20898728722568,817.779301345964,8.83201645453641,0,0,0,0,"2014-08-11 08:32:00",2.72,3.06,3.4,3.65333333333333,4.84,9.60285714285714,21.2,7.095,21.2,-0.806479946320943,-0.591261444863581,27.8,20,0,30,87,88,10
84,"ESW2-24",2255.5,3.978574756,0.76511053,0.15,10.2524811,0.547819139,3.749041597,11.02,10.1,24313,"2014-09-05 05:30:00","2014-09-05 05:30:00","2014-09-05 05:15:00","2014-09-05 23:30:00",6,24313,0,40,40,"2014-09-05 05:15:00","2014-09-05 06:40:00",0.83,1.41666666666667,0.585882352941177,2.52,1.92,1.68,1.06,0.63,834.764410140955,8.84850274749412,796.470468921628,8.44258697056926,0,0,0,0.87,"2014-08-22 05:15:00",110,57.87,110,39.1433333333333,110,17.8571428571429,110,10.7442857142857,110,-0.903355802324684,-0.428891937912485,23.9,13.3,0,30,98,99,10
86,"ESW2-25a",102.2,3.23223465,0.0916946,0.02,0.052724395,0.138000373,0.34843948,0.14,0.03,3430,"2014-09-20 03:21:00","2014-09-20 03:21:00","2014-09-20 03:20:00","2014-09-21 00:02:00",0.55,3430,0,41,41,"2014-09-20 03:02:00","2014-09-20 23:57:00",0.75,20.9166666666667,0.0358565737051793,1.8,1.56,1.28,0.76,0.46,628.781952002645,4.7787428352201,650.73233162953,4.94556572038443,0,0,0,0,"2014-09-06 03:20:00",2.65,2.515,2.65,2.61333333333333,2.81,4.23571428571429,8.36,5.97928571428571,16.3,-0.982926551979982,-0.183998351657683,23.9,4.4,0,30,113,114,10
87,"ESW2-25b",11.3,1.514471164,0.010895476,0.01,0.17487239,0.03056181,0.057582591,0.19,0.17,873,"2014-09-21 00:02:00","2014-09-21 00:02:00","2014-09-21 00:02:00","2014-09-21 05:04:00",0.18,873,0,42,42,"2014-09-20 23:22:00","2014-09-21 01:13:00",0.12,1.85,0.0648648648648649,0.48,0.48,0.4,0.36,0.21,118.897896465662,0.428032427276385,134.029457046411,0.482506045367079,0.65,0.65,0.65,0.65,"2014-09-07 00:02:00",34.6,18.625,34.6,13.21,34.6,7.98428571428571,34.6,7.28642857142857,34.6,-0.98594814996383,-0.167051625502123,15,4.4,0,30,114,115,10
89,"ESW2-26",39.8,3.2,0.07,0.01,0.54,0.12,0.25,0.6,0.52,2549,"2014-10-03 05:21:00","2014-10-03 05:21:00","2014-10-03 05:17:00","2014-10-03 22:30:00",0.2374,2549,0,43,43,"2014-10-03 01:31:00","2014-10-03 08:02:00",0.42,6.51666666666667,0.0644501278772378,0.24,0.24,0.24,0.2,0.18,204.083913989285,0.408167827978571,246.907277301061,0.493814554602121,0,0,0,0.87,"2014-09-19 05:17:00",7.91,5.265,7.91,4.33333333333333,7.91,3.45,7.91,10.26,44.8,-0.999250011239684,0.0387222808921717,17.8,5,0,30,126,127,10
90,"ESW2-27",5198.4,22.3,0.21,0.12,32.21,2.98,14.37,32.41,32.08,66139,"2014-10-13 18:37:00","2014-10-13 18:37:00","2014-10-13 18:31:00","2014-10-14 12:13:00",10.2,66139,0,44,44,"2014-10-13 16:39:00","2014-10-14 12:09:00",1.65,19.5,0.0846153846153846,0.84,0.84,0.84,0.74,0.46,1071.77877660226,7.93116294685671,1155.06336401393,8.54746889370312,0,0,0,0.42,"2014-09-29 18:31:00",2.61,2.495,2.61,2.55333333333333,2.67,3.68,6.85,5.33928571428571,12.9,-0.977848341505657,0.209314645963048,16.7,8.9,0,30,136,137,10
92,"ESW2-28",220.9,11,0.04,0.01,2.47,0.44,0.99,2.51,2.45,11915,"2014-10-15 02:53:00","2014-10-15 02:53:00","2014-10-15 02:53:00","2014-10-15 19:45:00",1.23,11915,0,45,45,"2014-10-15 01:10:00","2014-10-15 08:24:00",0.14,7.23333333333333,0.0193548387096774,0.24,0.18,0.16,0.12,0.09,62.6881942319094,0.0752258330782912,69.2637957249539,0.0831165548699447,0.21,1.65,1.65,2.07,"2014-10-01 02:53:00",151,135,151,90.87,151,40.5971428571429,151,24.2907142857143,151,-0.970063921851508,0.242849722095934,11.7,8.3,0,0,138,139,0
94,"ESW2-29",0.4,15.4,0.07,0.08,1.15,0.17,0.29,1.22,1.07,5867,"2014-11-23 15:46:00","2014-11-23 15:46:00","2014-11-23 15:45:00","2014-11-24 19:17:00",0.25,5867,0,46,46,"2014-11-23 13:52:00","2014-11-24 15:09:00",0.69,25.2833333333333,0.0272907053394858,0.12,0.12,0.12,0.1,0.08,267.679681094566,0.267679681094566,318.570649493415,0.318570649493415,0,0,0,0,"2014-11-09 15:45:00",4.04,3.51,4.04,3.32,4.04,3.55428571428571,4.39,5.32428571428571,9.16,-0.608476870115128,0.793571608952146,9.4,-3.2,-1.181103,0,177,24,10
97,"ESW2-31",746.2,84.9,4.27,0.28,7.32,1.22,2.39,11.59,7.03,45619,"2014-12-15 20:17:00","2014-12-15 20:17:00","2014-12-15 20:17:00","2014-12-16 20:30:00",1.79,45619,1,47,47,"2014-12-15 20:17:00","2014-12-16 12:29:00",0.43,16.2,0.0265432098765432,0.12,0.12,0.08,0.08,0.06,160.880181404086,0.128704145123269,182.271617926721,0.145817294341377,0,0,0,0,"2014-12-01 20:17:00",56.7,40.2,56.7,28.6966666666667,56.7,15.7028571428571,56.7,11.5435714285714,56.7,-0.25535329511619,0.966847813605277,7.2,-3.2,0,0,199,46,10
101,"ESW2-32b",2206.2,47.9,2.9,0.37,13.69,1.13,5.11,16.59,13.32,42172,"2014-12-23 03:11:00","2014-12-23 03:11:00","2014-12-23 03:11:00","2014-12-24 04:36:00",4.06,42172,1,48,48,"2014-12-23 01:04:00","2014-12-23 11:30:00",0.413999992,10.4333333333333,0.0396805104153355,0.324000108,0.27000009,0.288000036,0.251999996,0.189000005,217.852589017926,0.548988515611071,248.902356401012,0.627233928174457,0,0,0.206999988,0.305999991,"2014-12-09 03:11:00",42.3,31.2,42.3,26.9,42.3,41.0857142857143,86,33.7842857142857,86,-0.137278772113268,0.990532452132222,6.1,0.6,0,0,207,54,10
105,"ESW2-33a",173,16.4,1.19,1.83,5.26,0.79,1.24,6.46,3.43,23890,"2015-03-08 14:15:00","2015-03-08 14:15:00","2015-03-08 14:00:00","2015-03-09 11:59:00",3.78,23890,1,49,49,"2015-03-08 14:00:00","2015-03-08 14:01:00",0,0.0166666666666667,0,0,0,0,0,0,0,0,0,0,0,0,0,0,"2015-02-22 13:00:00",45.3,36.25,45.3,31.1,45.3,17.0214285714286,45.3,9.28357142857143,45.3,0.914127988185333,0.405425728359998,11.7,-4.3,-2.755907,0,282,129,10
106,"ESW2-33b",618.3,23.5,0.3,1.71,7.1,0.79,1.94,7.4,5.39,24097,"2015-03-09 11:59:00","2015-03-09 11:59:00","2015-03-09 11:59:00","2015-03-10 10:15:00",1.76,24097,1,50,50,"2015-03-09 11:59:00","2015-03-09 12:00:00",0,0.0166666666666667,0,0,0,0,0,0,0,0,0,0,0,0,0,0,"2015-02-23 10:59:00",68.3,56.8,68.3,46.9333333333333,68.3,26.5871428571429,68.3,14.0185714285714,68.3,0.920971287716634,0.389630449530789,12.8,-1,-3.149608,0,283,130,10
107,"ESW2-33c",0,0,0,0,0,0,0,0,0,1676,"2015-03-10 10:15:00","2015-03-10 10:15:00","2015-03-10 10:15:00","2015-03-11 03:00:00",0.18,1676,1,51,51,"2015-03-10 10:15:00","2015-03-10 10:16:00",0,0.0166666666666667,0,0,0,0,0,0,0,0,0,0,0,0,0,0,"2015-02-24 09:15:00",89.9,79.1,89.9,67.8333333333333,89.9,39.1428571428571,89.9,20.3228571428571,89.9,0.927541683579196,0.373719714790471,13.3,-0.5,-1.181103,0,284,131,10
109,"ESW2-34a",30.2,2.8,0.02,0.13,0.51,0.04,0.1,0.53,0.38,2298,"2015-04-09 04:00:00","2015-04-09 04:00:00","2015-04-09 03:00:00","2015-04-09 13:45:00",0.38,2298,0,52,52,"2015-04-09 02:09:00","2015-04-09 05:15:00",0.359999974,3.1,0.116129023870968,0.54000018,0.378000126,0.359999884,0.269999972,0.251999996,226.168768494139,0.610655611606921,252.877226165164,0.682768439840319,0,0,0,0,"2015-03-26 03:00:00",62.6,39.65,62.6,32,62.6,23.1571428571429,62.6,17.8571428571429,62.6,0.991114063993455,-0.133014706534195,5,2.2,0,0,314,161,10
110,"ESW2-34b",21.4,2,0.01,0.09,0.36,0.03,0.07,0.38,0.27,8908,"2015-04-09 13:45:00","2015-04-09 13:45:00","2015-04-09 13:45:00","2015-04-09 19:01:00",1.46,8908,0,53,53,"2015-04-09 13:45:00","2015-04-09 15:15:00",0.234000019,1.5,0.156000012666667,0.324000108,0.324000108,0.288000096,0.269999972,0.198000007,139.775909922413,0.377394917653259,160.319016784157,0.432861300427898,0.359999974,0.359999974,0.359999974,0.359999974,"2015-03-26 13:45:00",62.6,39.65,62.6,32,62.6,23.1571428571429,62.6,17.8571428571429,62.6,0.991114063993455,-0.133014706534195,5,2.2,0,0,314,161,10
111,"ESW2-34c",305.5,3.7,0.24,0.03,1.48,0.03,0.56,1.72,1.45,16554,"2015-04-09 19:01:00","2015-04-09 19:01:00","2015-04-09 19:01:00","2015-04-10 01:03:00",3.59,16554,0,54,54,"2015-04-09 19:01:00","2015-04-09 20:43:00",0.189000007,1.7,0.111176474705882,0.324000108,0.269999736,0.216000076,0.197999952,0.126000045,103.898946251836,0.20571986370714,121.808955889169,0.241181674192257,0.593999993,0.593999993,0.593999993,0.593999993,"2015-03-26 19:01:00",62.6,39.65,62.6,32,62.6,23.1571428571429,62.6,17.8571428571429,62.6,0.988677590232341,-0.150055398344652,10,1.7,0,0,314,161,10
115,"ESW2-35",2977.7,4.3,2.75,0.18,12.28,0.19,4.3,15.04,12.11,7862,"2015-05-17 16:47:00","2015-05-17 16:47:00","2015-05-17 16:46:00","2015-05-17 23:15:00",6.19,7862,0,55,55,"2015-05-17 16:46:00","2015-05-17 17:55:00",0.76,1.15,0.660869565217391,1.68,1.5,1.36,1.08,0.73,710.119575358698,7.66929141387394,676.65548985816,7.30787929046813,0,0,0,0,"2015-05-03 16:46:00",4.56,4.33,4.56,4.23666666666667,4.56,4.82571428571429,6.98,5.18071428571429,6.98,0.70558361010718,-0.708626678264457,23.3,13.3,0,18,18,19,10
116,"ESW2-36",2353.9,13.6,15.25,0.79,9.29,0.35,3.14,24.55,8.51,16183,"2015-05-24 19:13:00","2015-05-24 19:13:00","2015-05-24 19:08:00","2015-05-25 04:32:00",4.97,16183,0,56,56,"2015-05-24 12:53:00","2015-05-25 03:46:00",1.67,14.8833333333333,0.112206047032475,1.2,1.08,0.88,0.46,0.45,1186.9218362067,5.4598404465508,1232.54267610799,5.66969631009674,0,0,0.76,0.76,"2015-05-10 19:08:00",3.26,3.15,3.26,3.40666666666667,3.92,8.26,22.7,6.54285714285714,22.7,0.601624063224926,-0.798779372886363,25.6,12.2,0,25,25,26,10
118,"ESW2-37",237.9,5.1,3.62,0.12,1.7,0.06,0.44,5.32,1.58,2722,"2015-05-26 15:13:00","2015-05-26 15:13:00","2015-05-26 15:13:00","2015-05-26 20:30:00",0.97,2722,0,57,57,"2015-05-26 13:39:00","2015-05-26 15:26:00",0.26,1.78333333333333,0.145794392523364,0.72,0.6,0.52,0.34,0.21,179.908906944406,0.611690283610981,188.409835893559,0.640593442038102,0,1.65,1.67,2.43,"2015-05-12 15:13:00",70.7,71.25,71.8,48.5866666666667,71.8,23.5028571428571,71.8,15.9157142857143,71.8,0.587785252292474,-0.809016994374947,25.6,16.7,0,27,27,28,10
120,"ESW2-39",1228.4,74.7,69.71,0.72,8.76,1.23,3.14,78.47,8.04,30292,"2015-05-29 21:13:00","2015-05-29 21:13:00","2015-05-29 21:13:00","2015-06-01 10:45:00",3.92,30292,0,58,58,"2015-05-29 21:13:00","2015-05-31 08:45:00",0.782999985,35.5333333333333,0.0220356468574109,0.432000072,0.378000048,0.324000004,0.18000006,0.143999989,364.662911664789,0.656393459794366,423.168492491796,0.761703540386328,0,0,1.488999999,1.935000021,"2015-05-15 21:13:00",14.9,19.9,24.9,25.4666666666667,36.6,32.1714285714286,71.8,20.3842857142857,71.8,0.530730048161936,-0.84754092289283,26.7,3.9,0,30,30,31,10
122,"ESW2-40",13560.7,3.1,2.43,0.42,36.38,0.4,15.99,38.81,35.96,17531,"2015-06-08 13:45:00","2015-06-08 13:45:00","2015-06-08 13:45:00","2015-06-09 07:30:00",12.69,17531,0,59,59,"2015-06-08 13:45:00","2015-06-08 16:32:00",0.053999989,2.78333333333333,0.0194011936526946,0.32399976,0.215999898,0.143999932,0.089999972,0.044999986,30.3941627569894,0.0273547379709249,32.0764644198773,0.0288688089964796,0,0,0,0.899999984,"2015-05-25 13:45:00",9.21,8.56,9.21,8.68,9.21,13.1771428571429,25.1,36.6885714285714,142,0.393590276656467,-0.91928596971861,28.3,12.2,0,30,40,41,10
123,"ESW2-41",2977.4,87.4,76.93,0.76,19.47,2.34,7.31,96.4,18.71,75980,"2015-06-11 11:58:00","2015-06-11 11:58:00","2015-06-11 11:45:00","2015-06-13 11:00:00",4.53,75980,0,60,60,"2015-06-11 11:45:00","2015-06-12 07:39:00",1.73,19.9,0.0869346733668342,0.6,0.48,0.44,0.32,0.21,921.608024156128,2.94914567729961,1087.78625548079,3.48091601753851,0,0,0,0,"2015-05-28 11:45:00",7.16,8.505,9.85,8.79,9.85,9.04428571428571,10.9,29.1292857142857,142,0.345612312670735,-0.938377391740863,21.1,13.3,0,30,43,44,10
124,"ESW2-42",14296.3,27.5,10.35,0.88,47.79,1.49,17.24,58.14,46.91,63660,"2015-06-15 15:37:00","2015-06-15 15:37:00","2015-06-15 15:35:00","2015-06-17 13:00:00",16.66,63660,0,61,61,"2015-06-15 15:24:00","2015-06-15 17:38:00",0.97,2.23333333333333,0.434328358208955,3.84,2.64,1.88,1.14,0.74,865.847558336044,9.8706621650309,865.86913941244,9.87090818930181,0,0,1.73,1.73,"2015-06-01 15:35:00",32,41.45,50.9,78.3,152,47.6242857142857,152,30.4007142857143,152,0.280230675199217,-0.959932689659744,27.2,11.1,0,30,47,48,10
125,"ESW2-43",585.4,1.7,0.19,0.05,1.83,0.04,0.73,2.02,1.78,3335,"2015-06-22 11:23:00","2015-06-22 11:23:00","2015-06-22 11:15:00","2015-06-23 12:00:00",1.9,3335,0,62,62,"2015-06-22 10:26:00","2015-06-22 12:24:00",0.73,1.96666666666667,0.371186440677966,3.84,2.52,1.76,1.02,0.64,645.338732391638,6.5824550703947,654.989327431544,6.68089113980175,0,0,0.97,2.7,"2015-06-08 11:15:00",15.9,14.75,15.9,15.8666666666667,18.1,50.1571428571429,145,48.8907142857143,152,0.162807012938518,-0.986657932891657,28.3,14.4,0,30,54,55,10
127,"ESW2-44",182.5,3.8,0.02,0.01,0.75,0.5,0.92,0.77,0.74,6540,"2015-09-19 00:36:00","2015-09-19 00:36:00","2015-09-19 00:35:00","2015-09-19 10:00:00",1.21,6540,0,63,63,"2015-09-18 21:11:00","2015-09-19 03:47:00",1.19,6.6,0.18030303030303,0.96,0.84,0.68,0.58,0.49,849.591926510837,4.92763317376286,891.728260712934,5.17202391213502,0,0,0,0,"2015-09-05 00:35:00",19.7,10.195,19.7,6.95333333333333,19.7,3.82857142857143,19.7,12.59,63.8,-0.97961369164549,-0.200890555130638,21.7,9.4,0,30,71,144,10
128,"ESW2-45",5.6,2.7,0.13,0,0.18,0.13,0.15,0.31,0.18,1434,"2015-10-31 11:00:00","2015-10-31 11:00:00","2015-10-31 10:56:00","2015-11-01 01:00:00",0.0895,1434,0,64,64,"2015-10-31 04:23:00","2015-10-31 16:28:00",0.37,12.0833333333333,0.0306206896551724,0.24,0.12,0.16,0.12,0.09,149.073030217593,0.178887636261112,174.677600808725,0.20961312097047,0,0,0,0,"2015-10-17 10:56:00",2.85,3.155,3.46,3.19666666666667,3.46,2.28571428571429,3.46,1.50571428571429,3.46,-0.867456354729599,0.497513288907177,12.8,5,0,0,11,11,10
129,"ESW2-46",11.6,16.4,1.42,0.07,1.11,0.11,0.19,2.53,1.04,2229,"2015-11-17 17:02:00","2015-11-17 17:02:00","2015-11-17 17:02:00","2015-11-19 14:00:00",0.0555,2229,0,65,65,"2015-11-17 14:13:00","2015-11-19 06:32:00",0.85,40.3166666666667,0.0210830921868541,0.6,0.48,0.36,0.32,0.23,483.811290202239,1.54819612864717,526.828697893068,1.68585183325782,0,0,0,0,"2015-11-03 17:02:00",2.3,2.29,2.3,2.45333333333333,2.78,2.65428571428571,3.52,2.48714285714286,3.52,-0.687052767223669,0.726607524768564,14.4,1.1,0,0,12,12,10
130,"ESW2-47",215.2,213.2,29.54,9.51,24.45,3.13,4.3,53.99,14.95,31337,"2015-11-26 14:30:00","2015-11-26 14:30:00","2015-11-26 14:27:00","2015-11-28 03:45:00",1,31337,0,66,66,"2015-11-26 13:04:00","2015-11-27 02:01:00",1.34,12.95,0.103474903474903,0.36,0.3,0.24,0.22,0.21,671.610709579573,1.47754356107506,822.516197371535,1.80953563421738,0,0,0,0.85,"2015-11-12 14:27:00",5.25,3.625,5.25,3.16666666666667,5.25,4.95428571428571,11.8,5.87214285714286,20.3,-0.566701756291121,0.823923005757552,10,-7.7,0,0,21,21,10
131,"ESW2-48",439.7,153.9,24.47,6.79,16.76,2.68,3.82,41.23,9.98,26317,"2015-11-30 23:00:00","2015-11-30 23:00:00","2015-11-30 23:00:00","2015-12-04 02:00:00",0.61,26317,0,67,67,"2015-11-30 22:39:00","2015-12-01 08:12:00",0.53,9.55,0.0554973821989529,0.48,0.42,0.36,0.22,0.17,272.920215155209,0.600424473341461,312.798703954313,0.68815714869949,0,0,1.34,2.19,"2015-11-16 23:00:00",18.1,25.55,33,53.3666666666667,109,41.3714285714286,120,25.02,120,-0.49377555015998,0.86958938934661,7.2,-2.1,0,0,25,25,10
135,"ESW2-49a",1672.5,81.3,18.85,2.75,17.66,2.21,6.45,36.51,14.91,27199,"2015-12-13 04:40:00","2015-12-13 04:40:00","2015-12-13 04:40:00","2015-12-13 13:05:00",1.64,27199,0,68,68,"2015-12-13 04:33:00","2015-12-13 12:59:00",0.96,8.43333333333333,0.113833992094862,3.12,2.4,1.92,1.2,0.64,1549.0359940442,18.5884319285304,1526.90684903831,18.3228821884597,0,0,0,0.53,"2015-11-29 04:40:00",122,64.31,122,45.27,122,24.7242857142857,122,31.2407142857143,122,-0.304921224656291,0.952377575730397,12.8,5,0,0,38,38,10
136,"ESW2-49b",12901.9,399.8,113.69,18.14,118.93,16.61,45.99,232.62,100.79,204621,"2015-12-13 13:05:00","2015-12-13 13:05:00","2015-12-13 13:05:00","2015-12-15 12:00:00",5.5,204621,0,69,69,"2015-12-13 04:33:00","2015-12-14 17:59:00",2.89,37.4333333333333,0.0772039180765806,3.12,2.4,1.92,1.2,0.64,2564.24486008818,30.7709383210582,2698.55161297028,32.3826193556433,0,0,0,0.53,"2015-11-29 13:05:00",122,64.31,122,45.27,122,24.7242857142857,122,31.2407142857143,122,-0.304921224656291,0.952377575730397,12.8,0.6,0,0,38,38,10
138,"ESW2-49d",141,39.2,6.49,1.16,4.06,0.88,1.28,10.55,2.9,12450,"2015-12-16 05:44:00","2015-12-16 05:44:00","2015-12-16 05:44:00","2015-12-17 13:45:00",0.48,12450,0,70,70,"2015-12-16 05:19:00","2015-12-16 10:51:00",0.17,5.53333333333333,0.0307228915662651,0.36,0.24,0.24,0.18,0.1,84.1555736376021,0.151480032547684,90.6828518960579,0.163229133412904,0,0.61,3.85,3.85,"2015-12-02 05:44:00",255,475,695,686.666666666667,1110,314.821428571429,1110,166.547857142857,1110,-0.255353295116191,0.966847813605277,8.9,-3.2,0,0,41,41,10
139,"ESW2-50",539,94.6,15.06,4.34,10.3,2.06,3.17,25.36,5.96,22766,"2015-12-23 05:45:00","2015-12-23 05:45:00","2015-12-23 05:45:00","2015-12-25 08:30:00",0.93,22766,0,71,71,"2015-12-23 05:45:00","2015-12-24 00:33:00",0.32,18.8,0.0170212765957447,0.6,0.36,0.36,0.26,0.19,168.306571267904,0.437597085296549,184.664925904592,0.48012880735194,0,0,0.15,4.02,"2015-12-09 05:45:00",48.3,43.75,48.3,44.0333333333333,48.3,75.3142857142857,176,195.067857142857,1110,-0.137278772113269,0.990532452132222,11.7,-4.9,0,0,48,48,10
140,"ESW2-51a",18,5.2,0.86,0.31,1.24,0.16,0.29,2.1,0.93,7223,"2016-02-19 16:30:00","2016-02-19 16:30:00","2016-02-19 16:30:00","2016-02-20 09:19:00",0.17,7223,1,72,72,"2016-02-19 16:30:00","2016-02-19 16:31:00",0,0.0166666666666667,0,0,0,0,0,0,0,0,0,0,0,0,0,0,"2016-02-05 16:30:00",10.8,9.32,10.8,9.36,10.8,8.66428571428571,10.8,9.04571428571429,12.6,0.758305808478561,0.651898995878715,7.8,1.1,-2.755907,0,106,106,10
141,"ESW2-51b",316.1,24.9,4.31,3.21,9.44,3.1,4.79,13.75,6.23,76723,"2016-02-20 09:19:00","2016-02-20 09:19:00","2016-02-20 09:19:00","2016-02-21 10:52:00",3.72,76723,1,73,73,"2016-02-20 09:19:00","2016-02-20 09:20:00",0,0.0166666666666667,0,0,0,0,0,0,0,0,0,0,0,0,0,0,"2016-02-06 09:19:00",68.3,39.55,68.3,28.98,68.3,17.4385714285714,68.3,13.3585714285714,68.3,0.769414826883936,0.63874942205153,6.7,-1.6,-3.93701,0,107,107,10
142,"ESW2-51c",10.2,5.8,1.02,0.49,1.32,0.58,0.72,2.35,0.83,9634,"2016-02-21 10:52:00","2016-02-21 10:52:00","2016-02-21 10:52:00","2016-02-22 09:00:00",0.32,9634,1,74,74,"2016-02-21 10:52:00","2016-02-21 10:53:00",0,0.0166666666666667,0,0,0,0,0,0,0,0,0,0,0,0,0,0,"2016-02-07 10:52:00",191,129.65,191,90.0333333333333,191,43.6628571428571,191,26.3807142857143,191,0.780295851070773,0.625410572985249,1.1,-3.8,-1.968505,0,108,108,10
146,"ESW2-52b",109.6,13.4,2.17,0.88,2.68,0.68,0.96,4.85,1.8,13928,"2016-02-28 08:15:00","2016-02-28 08:15:00","2016-02-28 08:15:00","2016-02-29 03:30:00",0.69,13928,1,75,75,"2016-02-28 08:15:00","2016-02-28 17:52:00",0.01,9.61666666666667,0.00103986135181976,0.12,0.06,0.04,0.02,0.01,8.71840619595693,0.00174368123919139,8.42568063876986,0.00168513612775397,0,0,0,0,"2016-02-14 08:15:00",126,83.45,126,70.1666666666667,126,69.0428571428571,126,56.3528571428571,191,0.849817091527526,0.527077708642376,5,-6.6,-1.968505,0,115,115,10
147,"ESW2-53a",29.9,4.1,0.63,0.28,0.91,0.23,0.31,1.54,0.64,4562,"2016-03-06 14:30:00","2016-03-06 14:30:00","2016-03-06 14:45:00","2016-03-06 20:47:00",0.35,4562,1,76,76,"2016-03-06 14:45:00","2016-03-06 14:46:00",0,0.0166666666666667,0,0,0,0,0,0,0,0,0,0,0,0,0,0,"2016-02-21 14:45:00",39.5,40.2,40.9,43.2,49.2,70.0571428571429,130,69.55,130,0.907013812802634,0.421100870796093,6.1,0,-1.181103,0,122,122,10
148,"ESW2-53b",49.4,6.5,1.22,0.62,1.81,0.64,0.73,3.03,1.19,7828,"2016-03-06 20:47:00","2016-03-06 20:47:00","2016-03-06 20:47:00","2016-03-07 05:42:00",0.42,7828,1,77,77,"2016-03-06 20:47:00","2016-03-06 20:48:00",0,0.0166666666666667,0,0,0,0,0,0,0,0,0,0,0,0,0,0,"2016-02-21 20:47:00",39.5,40.2,40.9,43.2,49.2,70.0571428571429,130,69.55,130,0.914127988185333,0.405425728359998,15,0,-3.149608,0,122,122,10
149,"ESW2-53c",581.6,30.4,6.34,1.74,7.07,1.21,2.22,13.41,5.32,25384,"2016-03-07 05:42:00","2016-03-07 05:42:00","2016-03-07 05:42:00","2016-03-08 05:46:00",0.95,25384,0,78,78,"2016-03-07 05:42:00","2016-03-07 05:43:00",0,0.0166666666666667,0,0,0,0,0,0,0,0,0,0,0,0,0,0.01,"2016-02-22 05:42:00",126,82.75,126,68.8,126,69.4857142857143,126,71.1214285714286,130,0.914127988185333,0.405425728359998,18.9,3.9,-1.968505,0,123,123,10
150,"ESW2-53d",150.1,38.3,7.31,1.81,5.56,0.96,1.27,12.87,3.74,15612,"2016-03-08 05:46:00","2016-03-08 05:46:00","2016-03-08 05:46:00","2016-03-09 02:22:00",0.28,15612,0,79,79,"2016-03-08 05:46:00","2016-03-08 05:47:00",0,0.0166666666666667,0,0,0,0,0,0,0,0,0,0,0,0,0,0.01,"2016-02-23 05:46:00",345,235.5,345,170.166666666667,345,104.885714285714,345,91.0357142857143,345,0.920971287716634,0.38963044953079,18.9,2.8,0,0,124,124,10
151,"ESW2-53e",620.2,79.6,14.45,5.02,12.84,2.2,3.45,27.29,7.82,24356,"2016-03-09 02:22:00","2016-03-09 02:22:00","2016-03-09 02:22:00","2016-03-11 01:30:00",1.29,24356,0,80,80,"2016-03-09 02:22:00","2016-03-09 09:56:00",0.15,7.56666666666667,0.0198237885462555,0.36,0.24,0.16,0.14,0.08,76.2030975013205,0.106684336501849,83.0498000662086,0.116269720092692,0,0,0,0.01,"2016-02-24 02:22:00",397,371,397,289.333333333333,397,150.857142857143,397,115.492857142857,397,0.927541683579196,0.373719714790471,12.8,-1.6,0,0,125,125,10
153,"ESW2-54",124.4,74.2,4.74,3.81,9.56,1.68,2.17,14.3,5.75,15820,"2016-03-13 17:30:00","2016-03-13 17:30:00","2016-03-13 17:30:00","2016-03-15 12:30:00",0.53,15820,0,81,81,"2016-03-13 16:52:00","2016-03-14 03:48:00",0.33,10.9333333333333,0.0301829268292683,0.12,0.12,0.08,0.08,0.07,128.211093209662,0.102568874567729,148.876122431488,0.11910089794519,0,0,0.15,0.16,"2016-02-28 16:30:00",68.6,75.8,83,87.2,110,194.657142857143,397,132.357142857143,397,0.951056516295153,0.309016994374948,10.6,2.8,0,0,129,129,10
154,"ESW2-55",19720.1,225.5,25.69,8.67,91.86,6.42,44.96,117.55,83.18,102894,"2016-03-15 16:45:00","2016-03-15 16:45:00","2016-03-15 16:45:00","2016-03-17 11:45:00",8.86,102894,0,82,82,"2016-03-15 16:00:00","2016-03-16 15:09:00",0.69,23.15,0.0298056155507559,0.96,0.66,0.44,0.3,0.24,380.299340904416,1.14089802271325,404.220673421519,1.21266202026456,0,0.33,0.48,0.48,"2016-03-01 15:45:00",97.2,99.6,102,89.2666666666667,102,155.828571428571,397,130.357142857143,397,0.9611297838723,0.276096973097471,10.6,1.1,0,0,131,131,10
155,"ESW2-56a",661.1,60.7,8.08,1.67,7.1,1.32,1.41,15.18,5.43,30084,"2016-03-26 12:30:00","2016-03-26 12:30:00","2016-03-26 12:30:00","2016-03-27 06:48:00",1.47,30084,0,83,83,"2016-03-26 12:30:00","2016-03-26 12:31:00",0,0.0166666666666667,0,0,0,0,0,0,0,0,0,0,0,0,0,1.02,"2016-03-12 11:30:00",56.1,41.65,56.1,38.0333333333333,56.1,43.7428571428571,63.5,131.8,633,0.995918996147179,0.0902516100310419,7.2,-4.3,-5.118113,0,142,142,10
156,"ESW2-56b",230.1,64.6,9.33,1.83,6.46,1.41,1.53,15.79,4.63,20477,"2016-03-27 06:48:00","2016-03-27 06:48:00","2016-03-27 06:48:00","2016-03-28 13:00:00",1.26,20477,0,84,84,"2016-03-27 06:48:00","2016-03-27 17:28:00",0.18,10.6666666666667,0.016875,0.24,0.12,0.12,0.12,0.1,81.8672554441021,0.0982407065329225,97.7029714500977,0.117243565740117,0,0,0,1.02,"2016-03-13 06:48:00",250,153.05,250,111.1,250,70.3857142857143,250,144.757142857143,633,0.997324973108155,0.073095129898079,12.2,1.7,-5.118113,0,143,143,10
157,"ESW2-57a",6299.4,89.5,11.15,1.96,27.28,2.44,12.06,38.43,25.32,48280,"2016-03-31 00:17:00","2016-03-31 00:17:00","2016-03-31 00:17:00","2016-03-31 11:48:00",4.85,48280,0,85,85,"2016-03-30 20:28:00","2016-03-31 07:05:00",0.81,10.6166666666667,0.0762951334379906,0.6,0.54,0.48,0.44,0.34,509.159648800604,2.24030245472266,551.084314713315,2.42477098473859,0,0,0.18,0.18,"2016-03-17 00:17:00",341,204.75,341,171.833333333333,341,156.828571428571,341,108.992857142857,341,0.99999073973619,0.00430353829624771,6.1,0.6,0,0,147,147,10
158,"ESW2-57b",1586.8,55.9,7.5,1.33,9.24,1.42,3.92,16.74,7.91,27302,"2016-03-31 11:48:00","2016-03-31 11:48:00","2016-03-31 11:48:00","2016-04-01 06:45:00",2.48,27302,0,86,86,"2016-03-31 11:48:00","2016-03-31 18:18:00",0.28,6.5,0.0430769230769231,0.24,0.24,0.24,0.18,0.17,147.318736415501,0.265173725547901,168.563931930488,0.303415077474878,0.81,0.81,0.99,0.99,"2016-03-17 11:48:00",341,204.75,341,171.833333333333,341,156.828571428571,341,108.992857142857,341,0.99999073973619,0.00430353829624771,8.9,-1,0,0,147,147,10
165,"ESW2-58",137.2,0.3,0.82,0.08,0.72,0.02,0.21,1.54,0.63,674,"2016-06-10 21:00:00","2016-06-10 21:00:00","2016-06-10 21:00:00","2016-06-10 23:00:00",0.41,674,0,87,87,"2016-06-10 21:00:00","2016-06-10 21:01:00",0,0.0166666666666667,0,0,0,0,0,0,0,0,0,0,0,0,0,0,"2016-05-27 21:00:00",4.18,3.815,4.18,3.89,4.18,4.41428571428571,5.03,5.49142857142857,8.54,0.329408482224533,-0.944187508834198,30.6,13.9,0,22,23,25,0
167,"ESW2-59",9289.6,25.8,20.34,0.84,33.53,0.59,13.19,53.87,32.69,29350,"2016-06-15 18:54:00","2016-06-15 18:54:00","2016-06-15 18:54:00","2016-06-16 07:45:00",14.12,29350,0,88,88,"2016-06-15 18:28:00","2016-06-16 03:26:00",0.9,8.96666666666667,0.100371747211896,4.2,3.36,2.8,1.74,0.89,940.313768113004,16.3614595651663,902.806357325431,15.7088306174625,0,0,0,0,"2016-06-01 18:54:00",9.79,8.425,9.79,7.69666666666667,9.79,7.44571428571429,12.9,6.47285714285714,12.9,0.263665492728009,-0.964614175691243,24.4,13.9,0,27,28,30,5
168,"ESW2-60",195.3,5.3,1.21,0.05,1.1,0.14,0.4,2.3,1.05,5365,"2016-06-26 03:57:00","2016-06-26 03:57:00","2016-06-26 03:57:00","2016-06-26 10:00:00",1.41,5365,0,89,89,"2016-06-26 03:19:00","2016-06-26 07:31:00",1.5,4.2,0.357142857142857,2.28,1.86,1.72,1.56,1.18,1436.48481891486,22.4091631750718,1362.07106097738,21.2483085512471,0,0,0,0.9,"2016-06-12 03:57:00",16,9.6,16,7.81666666666667,16,7.19285714285714,16,20.0171428571429,107,0.0773864792334671,-0.997001169925015,30.6,20.6,0,30,39,41,10
169,"ESW2-61",87.3,6.4,0.9,0.05,0.95,0.13,0.29,1.85,0.9,4251,"2016-06-30 16:20:00","2016-06-30 16:20:00","2016-06-30 16:20:00","2016-07-01 00:30:00",0.72,4251,0,90,90,"2016-06-30 15:43:00","2016-06-30 22:24:00",1.05,6.68333333333333,0.1571072319202,2.28,1.62,1.36,0.9,0.58,849.885657665297,7.64897091898767,851.286759802096,7.66158083821886,0,0,1.5,1.5,"2016-06-16 16:20:00",4.15,4.725,5.3,6.22333333333333,9.22,9.00285714285714,20.9,13.5514285714286,62.3,0.00860699688869101,-0.999962959116266,25,11.7,0,30,43,45,10
171,"ESW2-63",12.3,4.8,0.15,0.01,0.4,0.11,0.15,0.55,0.39,2341,"2016-09-06 19:08:00","2016-09-06 19:08:00","2016-09-06 19:08:00","2016-09-07 15:15:00",0.25,2341,0,91,91,"2016-09-06 18:58:00","2016-09-07 13:36:00",0.94,18.6333333333333,0.0504472271914132,1.32,1.08,1.04,0.76,0.38,604.51448710758,4.59431010201761,627.137570520556,4.76624553595622,0,0,0,0,"2016-08-23 19:08:00",0.81,0.78,0.81,0.796666666666667,0.83,1.19,2,2.20285714285714,6.24,-0.924290722193092,-0.381689220266663,30.6,18.3,0,30,111,113,10
172,"ESW2-64",19,7.1,0.01,0.01,0.65,0.17,0.23,0.66,0.64,4415,"2016-09-10 04:49:00","2016-09-10 04:49:00","2016-09-10 04:49:00","2016-09-10 20:45:00",0.46,4415,0,92,92,"2016-09-10 03:48:00","2016-09-10 16:28:00",0.68,12.6666666666667,0.0536842105263158,0.72,0.66,0.6,0.48,0.36,469.27221546112,2.25250663421338,483.482431863767,2.32071567294608,0,0,0.94,0.94,"2016-08-27 04:49:00",6.84,7.07,7.3,9.78,15.2,5.17142857142857,15.2,3.56928571428571,15.2,-0.94276114339042,-0.333468778918189,21.7,10,0,30,115,117,10
179,"ESW2-66a",1179,37.6,5,0.09,9.66,1.44,4.35,14.66,9.57,34845,"2016-09-21 22:32:00","2016-09-21 22:32:00","2016-09-21 22:32:00","2016-09-22 03:30:00",4.72,34845,0,93,93,"2016-09-21 20:29:00","2016-09-22 03:28:00",1.19,6.98333333333333,0.170405727923628,0.48,0.48,0.48,0.4,0.32,777.841521860894,3.11136608744358,851.948537157352,3.40779414862941,0,0,0,0.68,"2016-09-07 22:32:00",3.68,4.17,4.66,4.94,6.48,8.98,21.1,14.3857142857143,53.5,-0.991114063993454,-0.133014706534197,22.8,13.9,0,30,126,128,10
181,"ESW2-66c",36.7,17.3,2.15,0.02,1.51,0.35,0.48,3.67,1.49,7828,"2016-09-22 07:27:00","2016-09-22 07:27:00","2016-09-22 07:27:00","2016-09-23 06:45:00",0.61,7828,0,94,94,"2016-09-22 07:14:00","2016-09-22 08:52:00",0.09,1.63333333333333,0.0551020408163265,0.36,0.24,0.16,0.08,0.07,48.1422041526082,0.0385137633220865,52.9363506742252,0.0423490805393801,1.19,1.19,1.19,1.87,"2016-09-08 07:27:00",53.4,28.54,53.4,20.58,53.4,13.5942857142857,53.4,17.1142857142857,53.5,-0.991114063993454,-0.133014706534197,22.8,13.9,0,30,127,129,10
182,"ESW2-67",177,7.7,0.01,0.02,1.36,0.23,0.61,1.38,1.34,3905,"2016-09-25 16:40:00","2016-09-25 16:40:00","2016-09-25 16:40:00","2016-09-26 01:30:00",1.18,3905,0,95,95,"2016-09-25 16:21:00","2016-09-25 21:00:00",0.31,4.65,0.0666666666666667,1.2,0.96,0.8,0.56,0.29,273.466578907013,1.53141284187927,256.569395752232,1.4367886162125,0,0,1.28,1.28,"2016-09-11 16:40:00",24,31.7,39.4,54.3,99.5,33.0171428571429,99.5,26.3114285714286,99.5,-0.99665890175417,-0.0816763953304256,25,11.1,0,30,130,132,10
184,"ESW2-68",1237.5,74.7,5.01,0.14,8.23,0.74,3.16,13.24,8.09,22297,"2016-10-26 06:52:00","2016-10-26 06:52:00","2016-10-26 06:52:00","2016-10-27 06:45:00",0.61,22297,0,96,96,"2016-10-26 05:07:00","2016-10-26 20:16:00",1.22,15.15,0.0805280528052805,0.48,0.48,0.44,0.36,0.32,674.179674090944,2.4270468267274,774.142917108757,2.78691450159152,0,0,0,0,"2016-10-12 06:52:00",17.4,10.055,17.4,7.64666666666667,17.4,5.19,17.4,7.55857142857143,22.3,-0.899630869652244,0.436651231956062,9.4,4.4,0,0,161,163,10
186,"ESW2-69",28.9,29.1,0.78,1.27,4.88,0.32,0.72,5.65,3.6,1977,"2016-11-28 00:57:00","2016-11-28 00:57:00","2016-11-28 00:57:00","2016-11-28 14:12:00",0.1,1977,0,97,97,"2016-11-27 23:58:00","2016-11-28 14:09:00",0.47,14.1833333333333,0.0331374853113984,0.36,0.3,0.24,0.22,0.18,259.436338941541,0.57075994567139,299.741457982027,0.659431207560461,0,0,0,0,"2016-11-14 00:57:00",17.2,11.645,17.2,9.98666666666667,17.2,7.02571428571429,17.2,5.76357142857143,17.2,-0.523415607365552,0.852077521101308,10,6.7,0,0,194,14,10
187,"ESW2-70",514.9,330.4,31.83,13.5,46.42,5.35,9.1,78.25,32.92,32472,"2016-11-28 14:12:00","2016-11-28 14:12:00","2016-11-28 14:12:00","2016-11-30 02:55:00",1.29,32472,0,98,98,"2016-11-28 14:09:00","2016-11-29 00:12:00",0.73,10.05,0.072636815920398,0.36,0.24,0.2,0.18,0.13,339.378275718535,0.610880896293362,415.583001540369,0.748049402772664,0.46,0.46,0.46,0.46,"2016-11-14 14:12:00",17.2,11.645,17.2,9.98666666666667,17.2,7.02571428571429,17.2,5.76357142857143,17.2,-0.523415607365552,0.852077521101308,10,-0.5,0,0,194,14,10
193,"ESW2-71b",8.5,2.2,0.43,0.19,0.67,0.25,0.28,1.1,0.49,6830,"2017-01-18 09:14:00","2017-01-18 09:14:00","2017-01-18 09:14:00","2017-01-19 09:45:00",0.22,6830,1,99,99,"2017-01-18 09:14:00","2017-01-18 09:15:00",0,0.0166666666666667,0,0,0,0,0,0,0,0,0,0,0,0,0,0,"2017-01-04 09:14:00",95.2,69.05,95.2,48.89,95.2,26.0842857142857,95.2,16.5414285714286,95.2,0.32126966169236,0.946987753076077,2.8,0.6,0,0,245,65,10
196,"ESW2-71e",55.5,23.5,2.64,0.97,3.94,0.88,1.08,6.58,2.98,14584,"2017-01-23 08:41:00","2017-01-23 08:41:00","2017-01-23 08:41:00","2017-01-24 07:00:00",0.68,14584,1,100,100,"2017-01-23 08:41:00","2017-01-23 08:42:00",0,0.0166666666666667,0,0,0,0,0,0,0,0,0,0,0,0,0,0,"2017-01-09 08:41:00",262,274.5,287,241.666666666667,287,153.728571428571,287,82.0242857142857,287,0.40148798920597,0.915864288267288,6.7,1.7,-1.968505,0,250,70,10
197,"ESW2-71f",54.5,28.8,2.26,1.32,4.8,0.98,1.17,7.07,3.48,13426,"2017-01-24 07:00:00","2017-01-24 07:00:00","2017-01-24 07:00:00","2017-01-25 06:00:00",0.62,13426,1,101,101,"2017-01-24 07:00:00","2017-01-25 05:53:00",0.05,22.8833333333333,0.0021849963583394,0.12,0.06,0.04,0.02,0.02,21.8098751408585,0.00436197502817171,19.1146602073734,0.00382293204147467,0,0,0,0,"2017-01-10 07:00:00",187,224.5,262,245.333333333333,287,174.314285714286,287,94.8564285714286,287,0.417193602612313,0.908817637339505,6.7,0.6,-1.181103,0,251,71,10
200,"ESW2-72",167.2,8,0.84,0.64,2.15,0.35,0.69,2.99,1.51,9017,"2017-02-12 10:45:00","2017-02-12 10:45:00","2017-02-12 10:45:00","2017-02-12 16:53:00",0.77,9017,1,102,102,"2017-02-12 10:45:00","2017-02-12 10:46:00",0,0.0166666666666667,0,0,0,0,0,0,0,0,0,0,0,0,0,0,"2017-01-29 10:45:00",14.2,13.35,14.2,12.6333333333333,14.2,11.7,14.2,15.6142857142857,32.4,0.687052767223664,0.726607524768568,4.4,-1,0,0,270,90,10
203,"ESW2-73",34.3,6.7,0.01,1.09,1.99,0.53,0.67,2.01,0.9,4612,"2017-02-17 11:45:00","2017-02-17 11:45:00","2017-02-17 11:45:00","2017-02-17 20:00:00",0.37,4612,1,103,103,"2017-02-17 11:45:00","2017-02-17 11:46:00",0,0.0166666666666667,0,0,0,0,0,0,0,0,0,0,0,0,0,0,"2017-02-03 11:45:00",46.1,51.1,56.1,58.7333333333333,74,38.4,74,25.0285714285714,74,0.746972087696554,0.664855397964288,11.1,-2.1,0,0,275,95,10
204,"ESW2-74",85.8,18,0.02,1.92,3.68,0.54,0.86,3.71,1.76,7903,"2017-02-18 07:45:00","2017-02-18 07:45:00","2017-02-18 07:45:00","2017-02-18 20:45:00",0.44,7903,1,104,104,"2017-02-18 07:45:00","2017-02-18 07:46:00",0,0.0166666666666667,0,0,0,0,0,0,0,0,0,0,0,0,0,0,"2017-02-04 07:45:00",73.4,59.75,73.4,58.5333333333333,73.4,47.1,74,29.2928571428571,74,0.758305808478558,0.651898995878718,13.9,3.3,0,0,276,96,10
205,"ESW2-75",17.2,20.6,0.04,1.11,2.46,0.21,0.37,2.5,1.34,6706,"2017-02-19 08:00:00","2017-02-19 08:00:00","2017-02-19 08:00:00","2017-02-19 23:45:00",0.27,6706,1,105,105,"2017-02-19 08:00:00","2017-02-19 08:01:00",0,0.0166666666666667,0,0,0,0,0,0,0,0,0,0,0,0,0,0,"2017-02-05 08:00:00",139,106.2,139,86.1666666666667,139,64.9285714285714,139,38.3142857142857,139,0.769414826883935,0.63874942205153,13.9,0,0,0,277,97,10
206,"ESW2-76a",3.8,10.8,0.02,0.33,1,0.07,0.14,1.02,0.67,3043,"2017-02-20 06:30:00","2017-02-20 06:30:00","2017-02-20 06:30:00","2017-02-20 18:04:00",0.17,3043,1,106,106,"2017-02-20 06:30:00","2017-02-20 06:31:00",0,0.0166666666666667,0,0,0,0,0,0,0,0,0,0,0,0,0,0,"2017-02-06 06:30:00",134,136.5,139,115.466666666667,139,81,139,47.0357142857143,139,0.780295851070775,0.625410572985247,11.7,1.1,0,0,278,98,10
207,"ESW2-76b",402.7,134,0.1,5.99,15.66,1.18,2.77,15.75,9.67,31467,"2017-02-20 18:04:00","2017-02-20 18:04:00","2017-02-20 18:04:00","2017-02-21 23:55:00",0.9,31467,1,107,107,"2017-02-20 18:04:00","2017-02-21 02:15:00",0.21,8.18333333333333,0.0256619144602851,0.24,0.24,0.2,0.18,0.11,96.7521289855272,0.174153832173949,108.111064075339,0.194599915335611,0,0,0,0,"2017-02-06 18:04:00",134,136.5,139,115.466666666667,139,81,139,47.0357142857143,139,0.790945656756774,0.611886401268728,15,1.1,0,0,278,98,10
210,"ESW2-77a",448.8,163.9,3.7,7.92,16.26,2.02,3.38,19.96,8.34,42288,"2017-02-28 03:15:00","2017-02-28 03:15:00","2017-02-28 03:15:00","2017-02-28 22:07:00",1.71,42288,0,108,108,"2017-02-28 02:43:00","2017-02-28 13:04:00",0.18,10.35,0.0173913043478261,0.24,0.12,0.12,0.1,0.06,75.2718451434812,0.0752718451434812,84.4450169403288,0.0844450169403288,0,0,0,0.21,"2017-02-14 03:15:00",96.7,73.45,96.7,67.1666666666667,96.7,102.6,223,104.485714285714,223,0.8587639582758,0.512371412128428,5,0.6,-1.968505,0,286,106,10
211,"ESW2-77b",225.2,78.6,2.35,4.57,9.07,1.1,1.75,11.42,4.5,19824,"2017-02-28 22:07:00","2017-02-28 22:07:00","2017-02-28 22:07:00","2017-03-01 10:00:00",1.09,19824,0,109,109,"2017-02-28 22:07:00","2017-03-01 03:48:00",0.14,5.68333333333333,0.024633431085044,0.24,0.18,0.12,0.06,0.06,59.9586074249935,0.0359751644549961,65.7435650875499,0.03944613905253,0.18,0.18,0.18,0.39,"2017-02-14 22:07:00",96.7,73.45,96.7,67.1666666666667,96.7,102.6,223,104.485714285714,223,0.867456354729596,0.497513288907182,5,-7.1,-3.149608,0,286,106,10
212,"ESW2-78a",556.8,210.2,5.82,12.67,27.13,3.42,5.11,32.95,14.46,66554,"2017-03-05 12:45:00","2017-03-05 12:45:00","2017-03-05 12:45:00","2017-03-07 00:33:00",1.51,66554,0,110,110,"2017-03-05 12:45:00","2017-03-07 00:31:00",0.02,35.7666666666667,0.000559179869524697,0.24,0.12,0.08,0.04,0.02,20.5321444795081,0.00821285779180322,16.2222095583086,0.00648888382332344,0,0,0.32,0.53,"2017-02-19 12:45:00",37.7,41.45,45.2,49.1333333333333,64.5,104.471428571429,300,118.471428571429,300,0.899630869652242,0.436651231956068,15,-0.5,-5.118113,0,291,111,10
213,"ESW2-78b",3223.8,77.9,2.27,4.84,21.68,1.23,6.44,23.96,16.85,24290,"2017-03-07 00:33:00","2017-03-07 00:33:00","2017-03-07 00:33:00","2017-03-07 17:15:00",2.76,24290,0,111,111,"2017-03-07 00:31:00","2017-03-07 04:00:00",0.22,3.48333333333333,0.0631578947368421,0.84,0.54,0.44,0.28,0.19,150.792989675577,0.422220371091615,154.478887907053,0.432540886139749,0.01,0.01,0.33,0.36,"2017-02-21 00:33:00",416,277,416,197.233333333333,416,162.628571428571,416,132.614285714286,416,0.914127988185332,0.405425728360002,15,1.7,0,0,293,113,10
214,"ESW2-79a",169.2,46.2,4.14,1.22,5.53,0.27,0.81,9.67,4.31,10037,"2017-03-24 16:01:00","2017-03-24 16:01:00","2017-03-24 16:01:00","2017-03-25 15:23:00",0.34,10037,0,112,112,"2017-03-24 14:50:00","2017-03-25 05:45:00",0.53,14.9166666666667,0.0355307262569832,0.24,0.18,0.16,0.12,0.1,222.232974272483,0.266679569126979,267.353428148047,0.320824113777656,0,0,0,0,"2017-03-10 15:01:00",24.3,21.8,24.3,21.3666666666667,24.3,19.8142857142857,24.3,19.3357142857143,27.3,0.992222209417932,0.124479263886793,5,1.7,0,0,310,130,10
215,"ESW2-79b",41.6,46.2,3.9,2.01,4.47,0.28,0.5,8.37,2.46,8442,"2017-03-25 15:23:00","2017-03-25 15:23:00","2017-03-25 15:23:00","2017-03-26 09:49:00",0.32,8442,0,113,113,"2017-03-25 15:23:00","2017-03-26 09:48:00",0.13,18.4166666666667,0.00705882352941176,0.24,0.18,0.12,0.1,0.05,72.5023727555007,0.0725023727555007,66.4991684407384,0.0664991684407384,0.49,0.53,0.53,0.53,"2017-03-11 14:23:00",96.2,60.25,96.2,46.6,96.2,31.4,96.2,24.2571428571429,96.2,0.994217906893952,0.107381346664164,3.9,1.7,0,0,311,131,10
216,"ESW2-79c",1636.2,164.1,14.31,7.2,22.31,1.12,4.18,36.61,15.11,35806,"2017-03-26 09:49:00","2017-03-26 09:49:00","2017-03-26 09:49:00","2017-03-28 15:30:00",1.32,35806,0,114,114,"2017-03-26 06:34:00","2017-03-26 23:45:00",0.41,17.1833333333333,0.0238603297769156,0.48,0.36,0.28,0.2,0.15,198.993197765763,0.397986395531525,216.059253900916,0.432118507801832,0.09,0.62,0.62,0.62,"2017-03-12 09:49:00",161,128.6,161,93.8333333333333,161,52.0571428571429,161,34.15,161,0.995918996147179,0.0902516100310457,10,-0.5,0,0,312,132,10
217,"ESW2-80",187,84.6,2.67,3.36,9.85,0.7,1.37,12.52,6.49,17828,"2017-03-30 01:00:00","2017-03-30 01:00:00","2017-03-30 01:00:00","2017-03-31 15:30:00",0.56,17828,0,115,115,"2017-03-29 23:55:00","2017-03-30 22:09:00",0.41,22.2333333333333,0.0184407796101949,0.12,0.12,0.08,0.08,0.06,151.735355515299,0.121388284412239,162.350945818974,0.129880756655179,0,0,1.07,1.07,"2017-03-16 01:00:00",98.9,85.65,98.9,94.1,111,123.114285714286,298,70.7928571428571,298,0.999768501979891,0.021516097436229,11.1,0,0,0,316,136,10
219,"ESW2-81",344.9,89,1.87,1.88,9.87,0.92,2.2,11.74,7.99,23021,"2017-04-03 19:45:00","2017-04-03 19:45:00","2017-04-03 19:45:00","2017-04-04 21:30:00",0.84,23021,0,116,116,"2017-04-03 19:45:00","2017-04-04 10:34:00",0.4,14.8166666666667,0.0269966254218223,0.12,0.12,0.08,0.06,0.06,151.193319920712,0.0907159919524269,174.484256002852,0.104690553601711,0,0,0.41,1.48,"2017-03-20 19:45:00",50.8,52.8,54.8,61.8333333333333,79.9,92.1142857142857,177,91.9214285714286,298,0.997917160865393,-0.0645084494493103,16.7,3.3,0,0,320,140,10
221,"ESW2-82",169.8,4.3,0.55,0.04,1.08,0.04,0.38,1.63,1.04,1874,"2017-04-15 05:18:00","2017-04-15 05:18:00","2017-04-15 05:18:00","2017-04-15 16:15:00",0.29,1874,0,117,117,"2017-04-15 00:37:00","2017-04-15 12:55:00",0.75,12.3,0.0609756097560976,0.48,0.36,0.32,0.26,0.23,380.203713032703,0.988529653885029,453.529872463923,1.1791776684062,0,0,0,0.4,"2017-04-01 05:18:00",66.8,43.45,66.8,35.7333333333333,66.8,29.8285714285714,66.8,49.0785714285714,121,0.967937783024065,-0.251190063884818,23.3,10,0,0,332,152,10
222,"ESW2-83",24872.7,98.6,7.12,0.93,107.83,1.37,40.93,114.95,106.91,57007,"2017-04-15 23:30:00","2017-04-15 23:30:00","2017-04-15 23:30:00","2017-04-16 14:30:00",14.16,57007,0,118,118,"2017-04-15 23:10:00","2017-04-16 13:21:00",0.15,14.1833333333333,0.0105757931844888,0.12,0.12,0.12,0.06,0.04,57.1987203376728,0.0343192322026037,51.7940881552215,0.0310764528931329,0.75,0.75,0.75,1.15,"2017-04-01 23:30:00",66.8,43.45,66.8,35.7333333333333,66.8,29.8285714285714,66.8,49.0785714285714,121,0.96347054856415,-0.267814305162169,23.3,7.8,0,0,332,152,10
223,"ESW2-84a",10631.1,57.7,2.96,0.37,49.58,0.85,18.97,52.54,49.21,40621,"2017-04-20 01:06:00","2017-04-20 01:06:00","2017-04-20 01:06:00","2017-04-20 18:45:00",5.36,40621,0,119,119,"2017-04-20 00:29:00","2017-04-20 15:19:00",1,14.8333333333333,0.0674157303370786,1.08,0.96,0.72,0.56,0.51,777.377949906751,4.35331651947781,781.875204573714,4.3785011456128,0,0,0.9,0.9,"2017-04-06 01:06:00",311,178.6,311,139.6,311,116.957142857143,311,72.7642857142857,311,0.942761143390421,-0.333468778918187,8.9,5,0,0,337,157,10
224,"ESW2-84b",44.2,7.8,0.2,0.02,0.67,0.07,0.17,0.87,0.65,2834,"2017-04-20 18:45:00","2017-04-20 18:45:00","2017-04-20 18:45:00","2017-04-21 09:00:00",0.29,2834,0,120,120,"2017-04-20 18:45:00","2017-04-20 20:13:00",0.03,1.46666666666667,0.0204545454545455,0.24,0.18,0.12,0.06,0.03,19.0516563115738,0.0114309937869443,21.1220899244176,0.0126732539546506,1,1,1.9,1.9,"2017-04-06 18:45:00",311,178.6,311,139.6,311,116.957142857143,311,72.7642857142857,311,0.942761143390421,-0.333468778918187,15.6,3.9,0,0,337,157,10
225,"ESW2-85",530.8,29.9,1.61,0.15,4.41,0.35,1.52,6.02,4.26,15644,"2017-04-27 04:31:00","2017-04-27 04:31:00","2017-04-27 04:31:00","2017-04-28 05:30:00",0.93,15644,0,121,121,"2017-04-27 00:34:00","2017-04-27 23:50:00",1.01,23.2666666666667,0.0434097421203438,0.36,0.24,0.24,0.18,0.16,496.137463321167,0.893047433978101,600.66674978384,1.08120014961091,0,0,1.01,1.93,"2017-04-13 04:31:00",108,67.5,108,55.6,108,77.4142857142857,203,97.1857142857143,311,0.895839290734909,-0.444378178104613,11.1,2.2,0,0,344,164,10
226,"ESW2-86a",5901.3,68.6,1.98,0.28,29.38,1.05,10.79,31.36,29.1,45251,"2017-05-01 00:15:00","2017-05-01 00:15:00","2017-05-01 00:15:00","2017-05-01 15:03:00",5.19,45251,0,122,122,"2017-04-30 22:54:00","2017-05-01 15:02:00",0.87,16.1333333333333,0.0539256198347107,0.6,0.54,0.48,0.42,0.32,570.235737709615,2.39499009838038,612.067371512609,2.57068296035296,0,0,1.01,2.04,"2017-04-17 00:15:00",360,202.7,360,156.5,360,113.328571428571,360,113.371428571429,360,0.863142128049913,-0.504961054721518,13.3,3.9,0,0,348,168,10
227,"ESW2-86b",230,34.1,0.33,0.1,2.67,0.33,0.8,3,2.57,10649,"2017-05-01 15:04:00","2017-05-01 15:04:00","2017-05-01 15:04:00","2017-05-02 14:15:00",0.63,10649,0,123,123,"2017-05-01 15:02:00","2017-05-02 03:07:00",0.2,12.0833333333333,0.016551724137931,0.84,0.48,0.36,0.18,0.09,109.904611182718,0.197828300128893,103.126910960383,0.18562843972869,0.86,0.86,1.87,2.9,"2017-04-17 15:04:00",360,202.7,360,156.5,360,113.328571428571,360,113.371428571429,360,0.863142128049913,-0.504961054721518,13.3,3.9,0,0,348,168,10
228,"ESW2-87",9607.4,9.6,17.39,0.98,40.78,0.31,9.75,58.17,39.8,19213,"2017-06-03 05:51:00","2017-06-03 05:51:00","2017-06-03 05:51:00","2017-06-03 13:15:00",9.45,19213,0,124,124,"2017-06-03 05:21:00","2017-06-03 13:04:00",1.3,7.71666666666667,0.168466522678186,2.16,1.62,1.6,1.36,1.19,1299.6513947939,17.675258969197,1223.16583543865,16.6350553619657,0,0,0,0,"2017-05-20 05:51:00",22.7,15.845,22.7,13.9966666666667,22.7,14.6985714285714,22.7,21.5492857142857,55.6,0.455906693508461,-0.890027576434675,27.8,14.4,0,17,6,17,6
231,"ESW2-89",3647.8,1.4,1.83,0.15,11.47,0.17,4.38,13.29,11.31,7497,"2017-06-14 15:45:00","2017-06-14 15:45:00","2017-06-14 15:51:00","2017-06-14 19:45:00",5.32,7497,0,125,125,"2017-06-14 15:47:00","2017-06-14 17:11:00",0.6,1.4,0.428571428571429,2.4,2.1,1.84,1.06,0.56,578.134179675435,6.12822230455961,559.284185589761,5.92841236725147,0,0,0,1.3,"2017-05-31 15:51:00",26.1,28.2,30.3,21.82,30.3,16.98,30.3,40.5035714285714,238,0.280230675199221,-0.959932689659743,28.3,16.7,0,28,17,28,10
232,"ESW2-90",1627.4,0.7,0.42,0.05,5.04,0.06,1.91,5.47,5,3560,"2017-06-18 04:57:00","2017-06-18 04:57:00","2017-06-18 04:57:00","2017-06-18 07:15:00",2.74,3560,0,126,126,"2017-06-18 04:25:00","2017-06-18 06:01:00",0.38,1.6,0.2375,1.32,1.02,0.8,0.58,0.33,305.757529505372,1.77339367113116,307.11440878338,1.7812635709436,0,0,0.6,0.6,"2017-06-04 04:57:00",20.6,18.3,20.6,22.0666666666667,29.6,29.6942857142857,76.2,30.6757142857143,111,0.213520915439796,-0.976938492777182,23.3,15.6,0,30,21,32,10
233,"ESW2-91",1780.8,1.7,2.32,0.07,5.79,0.04,2.12,8.11,5.72,3446,"2017-06-18 13:00:00","2017-06-18 13:00:00","2017-06-18 13:00:00","2017-06-18 16:00:00",2.76,3446,0,127,127,"2017-06-18 13:00:00","2017-06-18 13:08:00",0.14,0.133333333333333,1.05,1.56,0.84,0.56,0.28,0.14,146.49499751258,0.410185993035224,141.243804807829,0.395482653461922,0.38,0.38,0.98,0.98,"2017-06-04 13:00:00",20.6,18.3,20.6,22.0666666666667,29.6,29.6942857142857,76.2,30.6757142857143,111,0.213520915439796,-0.976938492777182,23.3,15.6,0,30,21,32,10
236,"ESW2-93",9828.8,116.2,92.12,0.64,46.86,1.7,12.74,138.98,46.22,64157,"2017-06-22 16:47:00","2017-06-22 16:47:00","2017-06-22 16:47:00","2017-06-23 10:45:00",8.23,64157,0,128,128,"2017-06-22 16:04:00","2017-06-23 03:58:00",0.83,11.9,0.0697478991596639,1.44,0.78,0.52,0.34,0.25,476.938076466099,1.62158945998474,529.178740012935,1.79920771604398,0,0,0.52,1.12,"2017-06-08 16:47:00",87.3,51.05,87.3,40.4666666666667,87.3,31.1,87.3,28.2971428571429,87.3,0.145799196919877,-0.989314203970366,25.6,15.6,0,30,25,36,10
241,"ESW2-95",6975.6,6.3,4.41,0.58,23.37,0.79,9.1,27.78,22.79,44148,"2017-07-15 20:45:00","2017-07-15 20:45:00","2017-07-15 20:45:00","2017-07-15 23:45:00",28.4,44148,0,129,129,"2017-07-15 20:41:00","2017-07-15 21:30:00",1.45,0.816666666666667,1.77551020408163,3.72,3.24,2.84,2.3,1.45,1542.23449467861,35.4713933776081,1477.57731541809,33.984278254616,0,0,0,0,"2017-07-01 20:45:00",16.6,17.3,18,20.1666666666667,25.9,46.9571428571429,141,64.4678571428571,493,-0.263665492728006,-0.964614175691244,28.3,15,0,30,48,59,10
246,NA,69.5,3.9,0.78,0.38,1.16,0.29,0.44,1.94,0.78,2324,"2018-01-11 04:00:00","2018-01-11 04:00:00","2018-01-11 04:00:00","2018-01-11 22:30:00",0.1,2324,1,130,130,"2018-01-11 04:00:00","2018-01-11 16:48:00",0.17,12.8,0.01328125,0.12,0.12,0.08,0.08,0.07,73.7461721916233,0.0589969377532986,90.0462455413579,0.0720369964330863,0,0,0,0,"2017-12-28 04:00:00",8.55,4.94,8.55,3.58333333333333,8.55,1.88714285714286,8.55,1.245,8.55,0.205104499868618,0.978740079966915,8.9,-6.6,-3.149608,30,62,62,10
247,"ESW2-96",690.6,38.4,7.79,3.75,11.51,2.88,4.33,19.29,7.76,23096,"2018-01-22 05:45:00","2018-01-22 05:45:00","2018-01-22 05:45:00","2018-01-22 21:03:00",1.95,23096,1,131,131,"2018-01-22 03:02:00","2018-01-22 17:09:00",0.51,14.1166666666667,0.0361275088547816,0.24,0.18,0.2,0.18,0.15,230.45050453079,0.414810908155421,269.902007870648,0.485823614167166,0,0,0,0.17,"2018-01-08 05:45:00",35.3,19.465,35.3,14.1166666666667,35.3,8.45571428571428,35.3,9.32071428571428,35.3,0.385663406243604,0.922639548840489,1.7,-1,0,30,73,73,10
249,"ESW2-97",17.7,6.4,0.99,0.54,1.24,0.32,0.39,2.23,0.69,2695,"2018-01-26 10:45:00","2018-01-26 10:45:00","2018-01-26 10:45:00","2018-01-27 21:00:00",0.1,2695,1,132,132,"2018-01-26 10:45:00","2018-01-26 15:31:00",0.02,4.76666666666667,0.0041958041958042,0.12,0.06,0.04,0.04,0.02,12.2742751365899,0.00490971005463598,12.5449519918919,0.00501798079675678,0,0,0.51,0.51,"2018-01-12 10:45:00",23.3,27.15,31,34.5333333333333,49.3,33.1214285714286,85.9,20.5457142857143,85.9,0.448229341740406,0.893918596519259,7.8,-1,0,30,77,77,10
250,"ESW2-98",199.9,14.8,2.58,1.68,4.49,1.04,1.46,7.06,2.81,11156,"2018-02-15 10:00:00","2018-02-15 10:00:00","2018-02-15 10:00:00","2018-02-16 01:20:00",1,11156,1,133,133,"2018-02-15 10:00:00","2018-02-15 10:01:00",0,0.0166666666666667,0,0,0,0,0,0,0,0,0,0,0,0,0,0,"2018-02-01 10:00:00",2.52,1.645,2.52,1.27,2.52,0.852857142857143,2.52,2.01928571428571,7.72,0.723644038295911,0.690173388242973,7.8,-8.8,-3.93701,30,97,97,10
252,"ESW2-99",118.8,12.6,0.03,1.33,3.76,0.94,1.26,6.4,2.44,10065,"2018-02-23 05:49:00","2018-02-23 05:49:00","2018-02-23 05:49:00","2018-02-23 20:33:00",0.48,10065,1,134,134,"2017-09-20 19:25:00","2017-09-20 23:02:00",0.483,3.61666666666667,0.133548387096774,24.408,18.144,15.336,10.584,6.912,6603.77302477733,698.943336942432,6696.82667012822,708.792134766371,0,0,0,0,"2018-02-09 05:49:00",47.5,50.8,54.1,58.0333333333333,72.5,33.8142857142857,72.5,17.8814285714286,72.5,0.811539059007357,0.584298173628373,3.3,-1,0,30,105,105,10
254,"ESW2-100",7417.1,45,9.78,4.42,34.43,2.95,13.57,44.22,30.01,30140,"2018-02-24 21:00:00","2018-02-24 21:00:00","2018-02-24 21:00:00","2018-02-25 05:25:00",5.43,30140,1,135,135,"2018-02-24 19:59:00","2018-02-25 02:20:00",0.41,6.35,0.0645669291338583,0.6,0.48,0.4,0.36,0.26,248.315103349114,0.893934372056811,268.799956511475,0.967679843441309,0,0,0,0,"2018-02-10 21:00:00",65,56.25,65,55.5333333333333,65,41.3142857142857,72.5,22.485,72.5,0.831170626365804,0.55601743665705,3.3,-2.7,0,30,106,106,10
257,"ESW2-101",4.7,3.8,0.46,0.02,0.22,0.01,0.02,0.68,0.2,1198,"2018-04-11 08:15:00","2018-04-11 08:15:00","2018-04-11 08:15:00","2018-04-12 13:12:00",0.11,1198,0,136,136,"2018-04-11 08:15:00","2018-04-12 09:49:00",0.21,25.5666666666667,0.00821382007822686,0.24,0.24,0.24,0.18,0.1,104.404475010126,0.187928055018227,120.097189883114,0.216174941789605,0,0,0,0,"2018-03-28 08:15:00",22.3,20,22.3,18.0666666666667,22.3,14.6714285714286,22.3,16.5571428571429,23.3,0.982926551979983,-0.183998351657674,10,-1,-1.968505,30,152,152,10
259,"ESW2-102",300.8,26.8,5.79,0.2,3.31,0.11,0.75,9.1,3.1,4687,"2018-04-13 06:19:00","2018-04-13 06:19:00","2018-04-13 06:19:00","2018-04-14 02:03:00",0.41,4687,0,137,137,"2018-04-13 06:19:00","2018-04-13 21:55:00",0.71,15.6,0.0455128205128205,0.72,0.42,0.36,0.3,0.24,409.486146728226,1.22845844018468,447.832073532463,1.34349622059739,0.01,0.21,0.21,0.21,"2018-03-30 06:19:00",79.6,61.2,79.6,48.2333333333333,79.6,28.5,79.6,22.3357142857143,79.6,0.97601055063237,-0.217723230396524,2.2,-4.3,7.086618,30,154,154,10
262,"ESW2-103",90.7,207.2,75.5,1.52,8.27,1.11,1.36,83.77,6.75,29640,"2018-04-21 07:31:00","2018-04-21 07:31:00","2018-04-21 07:31:00","2018-04-22 07:01:00",0.85,29640,0,138,138,"2018-04-21 07:31:00","2018-04-21 07:32:00",0,0.0166666666666667,0,0,0,0,0,0,0,0,0,0,0,0,0,0.92,"2018-04-07 07:31:00",382,247.5,382,184.3,382,109.814285714286,382,76.2285714285714,382,0.936881346295433,-0.349647455251224,13.9,-2.1,-3.93701,30,162,162,10
263,"ESW2-104",1911.8,463.4,202.05,3.8,25.54,3.54,6.18,227.59,21.74,79133,"2018-04-22 07:01:00","2018-04-22 07:01:00","2018-04-22 07:01:00","2018-04-23 06:22:00",3.04,79133,0,139,139,"2018-04-22 07:01:00","2018-04-22 07:02:00",0,0.0166666666666667,0,0,0,0,0,0,0,0,0,0,0,0,0,0.92,"2018-04-08 07:01:00",719,550.5,719,404.666666666667,719,204.1,719,126.735714285714,719,0.93072393103798,-0.365722523497268,17.2,-1.6,-5.118113,30,163,163,10
264,"ESW2-105",632.4,367.7,162.14,2.76,19.19,2.75,3.93,181.33,16.43,58893,"2018-04-23 06:22:00","2018-04-23 06:22:00","2018-04-23 06:22:00","2018-04-26 17:30:00",1.87,58893,0,140,140,"2018-04-23 06:22:00","2018-04-23 06:23:00",0,0.0166666666666667,0,0,0,0,0,0,0,0,0,0,0,0,0,0.92,"2018-04-09 06:22:00",715,717,719,605.333333333333,719,299,719,176.792857142857,719,0.924290722193095,-0.381689220266654,18.9,-0.5,-5.118113,30,164,164,10
278,"ESW2-106A",918.9,24.5,3.92,0.33,7,1.78,3.01,10.92,6.67,52382,"2018-08-28 16:02:00","2018-08-28 16:02:00","2018-08-28 16:02:00","2018-08-28 18:56:00",14.71,52382,0,141,141,"2018-08-28 15:26:00","2018-08-28 18:53:00",2.61,3.45,0.756521739130435,13.68,11.88,10.68,9.54,6.03,7849.69492320408,748.860895673669,7669.78113349653,731.697120135569,0,0,0,0,"2018-08-14 16:02:00",85.1,47.265,85.1,31.5733333333333,85.1,13.5314285714286,85.1,6.76857142857143,85.1,-0.84524905735306,-0.534372558280984,27.2,19.4,0,30,80,93,10
279,"ESW2-106B",27.8,17,1.37,0.04,1.61,0.39,0.47,2.97,1.56,7819,"2018-08-28 18:56:00","2018-08-28 18:56:00","2018-08-28 18:56:00","2018-08-28 22:03:00",1.68,7819,0,142,142,"2018-08-28 15:26:00","2018-08-28 22:02:00",2.71,6.6,0.410606060606061,13.68,11.88,10.68,9.54,6.03,7930.73871300499,756.592473220676,7766.43799782328,740.918184992341,0,0,0,0,"2018-08-14 18:56:00",85.1,47.265,85.1,31.5733333333333,85.1,13.5314285714286,85.1,6.76857142857143,85.1,-0.84524905735306,-0.534372558280984,27.2,19.4,0,30,80,93,10
280,"ESW2-106C",12,18.7,0.79,0.03,1.45,0.34,0.39,2.24,1.42,6639,"2018-08-28 22:03:00","2018-08-28 22:03:00","2018-08-28 22:03:00","2018-08-29 05:37:00",0.79,6639,0,143,143,"2018-08-28 15:26:00","2018-08-29 05:29:00",2.85,14.05,0.202846975088968,13.68,11.88,10.68,9.54,6.03,8004.0724272712,763.588509561672,7852.9689550065,749.17323830762,0,0,0,0,"2018-08-14 22:03:00",85.1,47.265,85.1,31.5733333333333,85.1,13.5314285714286,85.1,6.76857142857143,85.1,-0.854322169749825,-0.519743812155518,27.2,13.9,0,30,80,93,10
281,"ESW2-106D",0.3,4.3,0.04,0,0.22,0.05,0.05,0.26,0.22,1129,"2018-08-29 05:37:00","2018-08-29 05:37:00","2018-08-29 05:37:00","2018-08-30 12:00:00",0.1,1129,0,144,144,"2018-08-29 05:15:00","2018-08-29 09:20:00",0.04,4.08333333333333,0.00979591836734694,0.24,0.12,0.16,0.08,0.05,26.0074315989448,0.0208059452791558,22.5378758076335,0.0180303006461068,8.15,8.15,8.15,8.15,"2018-08-15 05:37:00",414,249.55,414,169.51,414,72.6742857142857,414,36.3371428571429,414,-0.854322169749825,-0.519743812155518,21.7,10.6,0,30,81,94,10
282,"ESW2-107",5343.9,119.7,16.96,0.85,44.39,8.3,17.91,61.36,43.54,150972,"2018-09-03 22:28:00","2018-09-03 22:28:00","2018-09-03 22:28:00","2018-09-04 12:52:00",17.37,150972,0,145,145,"2018-09-03 19:39:00","2018-09-04 05:38:00",2.24,9.98333333333333,0.224373956594324,2.4,1.8,1.4,1,0.76,1826.88389683309,18.2688389683309,1842.4453178707,18.424453178707,0,0,8.21,8.21,"2018-08-20 22:28:00",23.2,26.5,29.8,31.4666666666667,41.4,120.628571428571,414,61.0014285714286,414,-0.903355802324682,-0.428891937912489,31.1,18.9,0,30,86,99,10
284,"ESW2-108",57.7,35.9,0.06,0.09,3.54,1.09,1.24,3.59,3.45,18107,"2018-09-05 05:00:00","2018-09-05 05:00:00","2018-09-05 05:00:00","2018-09-05 21:46:00",1.42,18107,0,146,146,"2018-09-05 04:48:00","2018-09-05 10:33:00",0.22,5.75,0.0382608695652174,0.48,0.36,0.28,0.18,0.12,113.536741869925,0.204366135365865,125.112190220313,0.225201942396564,0.08,2.24,2.3,10.45,"2018-08-22 05:00:00",441,553,665,376.4,665,207.328571428571,665,140.001428571429,665,-0.910604630094215,-0.413278607782907,25,16.7,0,30,88,101,10
287,"ESW2-109",1337.3,7.7,0.1,0.03,6.37,0.59,2.91,6.46,6.33,7904,"2018-09-21 01:30:00","2018-09-21 01:30:00","2018-09-21 01:30:00","2018-09-21 08:30:00",1.78,7904,0,147,147,"2018-09-21 00:53:00","2018-09-21 03:45:00",0.54,2.86666666666667,0.188372093023256,1.32,0.9,0.88,0.74,0.47,463.690343082725,3.43130853881216,459.938210924279,3.40354276083966,0,0,0,0,"2018-09-07 01:30:00",107,70.3,107,63.1333333333333,107,59.4085714285714,173,43.8685714285714,173,-0.98867759023234,-0.150055398344658,21.1,6.1,0,30,104,117,10
