"sample_start","sample_end","record_number","unique_storm_id","runoff_volume","percent_runoff_sampled","number_of_samples","comments","discrete","estimated","exclude","frozen","unique_storm_number","storm_start","storm_end","storm_type","storm_precipitation_inches","storm_erosivity_index","peak_discharge","storm_runoff_cubic_feet","storm_runoff_inches","suspended_sediment_80154_mg_l","flag_suspended_sediment","suspended_sediment_load_pounds","suspended_sediment_yield_pounds_per_acre","chloride_00940_mg_l","flag_chloride","chloride_load_pounds","chloride_yield_pounds_per_acre","no2_no3n_00631_mg_l","flag_no2_no3n","no2_no3n_load_pounds","no2_no3n_yield_pounds_per_acre","ammonium_n_00608_mg_l","flag_ammonium_n","ammonium_n_load_pounds","ammonium_n_yield_pounds_per_acre","tkn_unfiltered_00625_mg_l","flag_tkn_unfiltered","tkn_unfiltered_load_pounds","tkn_unfiltered_yield_pounds_per_acre","orthophosphate_00671_mg_l","flag_orthophosphate","orthophosphate_load_pounds","orthophosphate_yield_pounds_per_acre","tp_unfiltered_00665_mg_l","flag_tp_unfiltered","tp_unfiltered_load_pounds","tp_unfiltered_yield_pounds_per_acre","total_nitrogen_computed_mg_l","total_nitrogen_load_pounds","total_nitrogen_yield_pounds_per_acre","organic_nitrogen_computed_mg_l","organic_nitrogen_load_pounds","organic_nitrogen_yield_pounds_per_acre"
NA,NA,"029-13-6","ESW2-1",72775,"",5,"",0,0,0,1,1,2013-01-10 19:53:00,2013-01-13 21:34:00,"",NA,NA,1.6655,72775,"#REF!",8188,"",37199.7,1372.7,123,NA,558.8,20.6,31.7,"",144.02,5.31,3.53,NA,16.04,0.59,12.6,"",57.24,2.11,1.36,NA,6.19,0.23,3.17,"",14.4,0.53,44.3,201.26,7.43,9.1,41.21,1.52
NA,NA,"","",NA,"",NA,"",0,1,0,1,2,2013-01-28 03:15:00,2013-01-28 16:15:00,"",NA,NA,0.4313,8588,"#REF!",333,"",178.5,6.6,9.9,NA,5.3,0.2,3.1,"",1.66,0.06,0.94,NA,0.5,0.02,3.64,"",1.95,0.07,0.907,NA,0.49,0.02,1.38,"",0.74,0.03,6.7,3.61,0.13,2.7,1.45,0.05
NA,NA,"038-13-2","ESW2-2",49136,"",10,"",0,0,0,1,3,2013-01-29 02:49:00,2013-01-30 11:03:00,"",NA,NA,1.866,49136,"#REF!",333,"",1021.5,37.7,9.9,NA,30.4,1.1,3.1,"",9.51,0.35,0.94,NA,2.88,0.11,3.64,"",11.17,0.41,0.91,NA,2.78,0.1,1.38,"",4.23,0.16,6.7,20.67,0.76,2.7,8.28,0.31
NA,NA,"062-13-2","ESW2-2",NA,"",1,"estimated Q",1,1,0,1,4,2013-02-10 13:26:00,2013-02-11 16:15:00,"",NA,NA,0.2387,15612,"#REF!",30,"HT",29.2,1.1,1.9,NA,1.9,0.1,1.1,"",1.07,0.04,0.53,NA,0.52,0.02,1.28,"",1.25,0.05,0.26,NA,0.26,0.01,0.38,"",0.37,0.01,2.4,2.32,0.09,0.8,0.73,0.03
NA,NA,"090-13-10","ESW2-3",193847,"",21,"",0,0,0,1,5,2013-03-09 17:31:00,2013-03-15 21:26:00,"",NA,NA,2.552,197199,"#REF!",43,"HT",529.4,19.5,1.4,NA,17.2,0.6,0.8,"",9.85,0.36,0.47,NA,5.79,0.21,1.4,"",17.24,0.64,0.33,NA,4.03,0.15,0.491,"",6.04,0.22,2.2,27.08,1,0.9,11.45,0.42
NA,NA,"","",NA,"",NA,"",0,1,0,1,6,2013-03-26 11:45:00,2013-03-27 08:00:00,"",NA,NA,0.1294,5918,"#REF!",613,"",226.5,8.4,5.1,NA,1.9,0.1,0.9,"",0.33,0.01,0.6,NA,0.22,0.01,3.74,"",1.38,0.05,0.59,NA,0.22,0.01,1.35,"",0.5,0.02,4.6,1.71,0.06,3.1,1.16,0.04
NA,NA,"114-13-1","ESW2-4a",58562,"",8,"",0,0,0,1,7,2013-03-27 08:00:00,2013-03-28 07:43:00,"",NA,NA,3.03,58562,"#REF!",613,"HT",2241.1,82.7,5.1,NA,18.6,0.7,0.9,"",3.29,0.12,0.6,NA,2.19,0.08,3.74,"",13.67,0.5,0.59,NA,2.16,0.08,1.35,"",4.94,0.18,4.6,16.96,0.63,3.1,11.48,0.42
NA,NA,"114-13-2","ESW2-4b",96932,"",20,"",0,0,0,1,8,2013-03-28 07:43:00,2013-03-30 11:02:00,"",NA,NA,2.3313,96932,"#REF!",37193,"HT",225066.2,8305,11.9,NA,72,2.7,1.2,"",7.26,0.27,0.85,NA,5.14,0.19,29.9,"",180.93,6.68,0.36,NA,2.17,0.08,20,"",121.03,4.47,31.1,188.2,6.94,29.1,175.79,6.49
NA,NA,"114-13-3","ESW2-4c",39874,"",12,"",0,0,0,1,9,2013-03-30 11:02:00,2013-03-31 23:10:00,"",NA,NA,1.1224,39874,"#REF!",435,"HT",1082.8,40,26.4,NA,65.7,2.4,2.3,"",5.73,0.21,2.96,NA,7.37,0.27,6.4,"",15.93,0.59,1.73,NA,4.31,0.16,2.34,"",5.82,0.21,8.7,21.66,0.8,3.4,8.56,0.32
NA,NA,"126-13-2","ESW2-4d-1",NA,"",1,"",1,0,0,1,10,2013-03-31 23:10:00,2013-04-06 10:15:00,"",NA,NA,0.1541,20788,"#REF!",222,"HT",288.1,10.6,34.8,NA,45.2,1.7,0.9,"",1.17,0.04,4.67,NA,6.06,0.22,8.47,"",10.99,0.41,1.99,NA,2.58,0.1,2.4,"",3.11,0.11,9.4,12.16,0.45,3.8,4.93,0.18
NA,NA,"142-13-1","ESW2-4e",2618,"",4,"",0,0,0,1,11,2013-04-06 10:15:00,2013-04-07 06:00:00,"",NA,NA,0.0781,2618,"#REF!",65,"HT",10.6,0.4,83.3,NA,13.6,0.5,1.8,"",0.29,0.01,6.21,NA,1.01,0.04,10.7,"",1.75,0.06,1.69,NA,0.28,0.01,2.02,"",0.33,0.01,12.5,2.04,0.08,4.5,0.73,0.03
NA,NA,"","",NA,"",NA,"",0,1,0,1,12,2013-04-07 06:00:00,2013-04-08 09:26:00,"",NA,NA,0.0242,1572,"#REF!",65,"",6.4,0.2,83.3,NA,8.2,0.3,1.8,"",0.18,0.01,6.21,NA,0.61,0.02,10.7,"",1.05,0.04,1.69,NA,0.17,0.01,2.02,"",0.2,0.01,12.5,1.23,0.05,4.5,0.44,0.02
NA,NA,"142-13-2","ESW2-5a",6566,"",5,"",0,0,0,1,13,2013-04-08 09:26:00,2013-04-09 09:38:00,"",NA,NA,0.2816,6566,"#REF!",270,"HT",110.7,4.1,107,NA,43.9,1.6,5.6,"",2.3,0.08,6.37,NA,2.61,0.1,12.2,"",5,0.18,1.6,NA,0.66,0.02,2.2,"",0.9,0.03,17.8,7.3,0.27,5.8,2.39,0.09
NA,NA,"142-13-3","ESW2-5b",34560,"",11,"",0,0,0,1,14,2013-04-09 09:38:00,2013-04-09 22:22:00,"",NA,NA,4.241,34560,"#REF!",1821,"HT",3928.8,145,76.9,NA,165.9,6.1,11.1,"",23.95,0.88,3.82,NA,8.24,0.3,16.3,"",35.17,1.3,1.32,NA,2.85,0.11,4.26,"",9.19,0.34,27.4,59.12,2.18,12.5,26.93,0.99
NA,NA,"142-13-4","ESW2-5c",125824,"",10,"",0,0,0,1,15,2013-04-09 22:22:00,2013-04-11 03:30:00,"",NA,NA,7.68,125824,"#REF!",604,"HT",4744.4,175.1,55.2,NA,433.6,16,11.4,"",89.55,3.3,2.58,NA,20.27,0.75,8.2,"",64.41,2.38,1.12,NA,8.8,0.32,2.15,"",16.89,0.62,19.6,153.96,5.68,5.6,44.15,1.63
NA,NA,"142-13-5","ESW2-5d",42664,"",3,"",0,0,0,1,16,2013-04-11 03:30:00,2013-04-12 09:11:00,"",NA,NA,1.1259,42664,"#REF!",2087,"HT",5558.6,205.1,73.8,NA,196.6,7.3,12.1,"",32.23,1.19,3.81,NA,10.15,0.37,9.9,"",26.37,0.97,1.18,NA,3.14,0.12,2.57,"",6.85,0.25,22,58.6,2.16,6.1,16.22,0.6
NA,NA,"142-13-8","ESW2-13grab",NA,"",NA,"",1,0,0,1,17,2013-04-12 09:11:00,2013-04-14 10:15:00,"",NA,NA,0.5757,25341,"#REF!",187,"HT",295.8,10.9,62.9,NA,99.5,3.7,11.4,"",18.03,0.67,1.83,NA,2.9,0.11,5.4,"",8.54,0.32,0.81,NA,1.28,0.05,1.12,"",1.77,0.07,16.8,26.58,0.98,3.6,5.65,0.21
NA,NA,"147-13-10","ESW2-5e",32797,"",8,"",0,0,0,1,18,2013-04-14 10:15:00,2013-04-16 15:15:00,"",NA,NA,2.0008,32797,"#REF!",13005,"HT",26627.6,982.6,74.6,NA,152.7,5.6,9.2,"",18.84,0.7,3.96,NA,8.11,0.3,12.8,"",26.21,0.97,1.05,NA,2.15,0.08,4.25,"",8.7,0.32,22,45.04,1.66,8.8,18.1,0.67
NA,NA,"147-13-4","ESW2-6",19380,"",11,"",0,0,0,0,19,2013-04-17 13:30:00,2013-04-20 02:02:00,"",NA,NA,0.345,19380,"#REF!",145,"HT",175.4,6.5,86.8,NA,105,3.9,6.9,"",8.35,0.31,4.27,NA,5.17,0.19,8.6,"",10.4,0.38,1.27,NA,1.54,0.06,1.66,"",2.01,0.07,15.5,18.75,0.69,4.3,5.24,0.19
NA,NA,"","",NA,"",NA,"",0,1,0,0,20,2013-04-29 08:44:00,2013-04-29 15:15:00,"",NA,NA,0.0102,156,"#REF!",145,"",1.4,0.1,86.8,NA,0.8,0,6.9,"",0.07,0,4.27,NA,0.04,0,8.6,"",0.08,0,1.27,NA,0.01,0,1.66,"",0.02,0,15.5,0.15,0.01,4.3,0.04,0
NA,NA,"","",NA,"",NA,"",0,1,0,0,21,2013-04-30 04:45:00,2013-04-30 09:00:00,"",NA,NA,0.0134,138,"#REF!",145,"",1.3,0,86.8,NA,0.7,0,6.9,"",0.06,0,4.27,NA,0.04,0,8.6,"",0.07,0,1.27,NA,0.01,0,1.66,"",0.01,0,15.5,0.13,0,4.3,0.04,0
NA,NA,"215-13-6","ESW2-7",29367,"",31,"",0,0,0,0,22,2013-05-02 14:55:00,2013-05-07 07:15:00,"",NA,NA,0.8633,29376,"#REF!",3961,"HT",7264,268,67,NA,122,4.5,16.5,"",30.26,1.12,0.91,NA,1.67,0.06,5.79,"HT",10.62,0.39,0.62,NA,1.14,0.04,1.88,"HT",3.45,0.13,22.3,40.88,1.51,4.9,8.95,0.33
NA,NA,"","",NA,"",NA,"",0,1,0,0,23,2013-05-10 00:16:00,2013-05-10 14:15:00,"",NA,NA,0.18,2635,"#REF!",3961,"",651.6,24,66.5,NA,10.9,0.4,16.5,"",2.71,0.1,0.91,NA,0.15,0.01,5.79,"",0.95,0.04,0.621,NA,0.1,0,1.88,"",0.31,0.01,22.3,3.67,0.14,4.9,0.8,0.03
NA,NA,"316-13-4","ESW2-8",4035,"",7,"",0,0,0,0,24,2013-06-15 21:36:00,2013-06-16 16:00:00,"",NA,NA,1.02,4035,"#REF!",2705,"HT",681.4,25.1,145,NA,36.5,1.3,19.9,"",5.01,0.18,0.24,NA,0.06,0,9.8,"",2.47,0.09,0.45,NA,0.11,0,3.81,"",0.96,0.04,29.7,7.48,0.28,9.6,2.41,0.09
NA,NA,"","",NA,"",NA,"",0,1,0,0,25,2013-06-17 15:20:00,2013-06-18 01:30:00,"",NA,NA,0.36,1521,"#REF!",3364,"",319.3,11.8,51.5,NA,4.9,0.2,5.7,"",0.54,0.02,0.17,NA,0.02,0,11.7,"",1.11,0.04,0.346,NA,0.03,0,4.46,"",0.42,0.02,17.4,1.65,0.06,11.5,1.09,0.04
NA,NA,"334-13-1","ESW2-9",4441,"",7,"",0,0,0,0,26,2013-06-21 08:58:00,2013-06-21 16:15:00,"",NA,NA,0.98,4441,"#REF!",3364,"HT",932.6,34.4,52,NA,14.3,0.5,5.7,"",1.58,0.06,0.17,NA,0.05,0,11.7,"",3.24,0.12,0.35,NA,0.1,0,4.46,"",1.24,0.05,17.4,4.82,0.18,11.5,3.2,0.12
NA,NA,"334-13-2","ESW2-10",14040,"",8,"",0,0,0,0,27,2013-06-22 23:09:00,2013-06-23 08:08:00,"",NA,NA,5.21,14040,"#REF!",3911,"HT",3428,126.5,35,NA,31,1.1,4.6,"",4.03,0.15,0.1,NA,0.09,0,13.5,"",11.83,0.44,0.44,NA,0.39,0.01,4.93,"",4.32,0.16,18.1,15.86,0.59,13.4,11.74,0.43
NA,NA,"376-13-13","ESW2-11",79237,"",18,"",0,0,0,0,28,2013-07-08 05:42:00,2013-07-08 13:33:00,"",NA,NA,21.84,79237,"#REF!",4760,"HT",23546.1,868.9,29,NA,143,5.3,4.4,"",21.77,0.8,0.25,NA,1.24,0.05,12.1,"",59.85,2.21,0.48,NA,2.39,0.09,4.68,"",23.15,0.85,16.5,81.62,3.01,11.9,58.62,2.16
NA,NA,"376-13-14","ESW2-12",2661,"",4,"",0,0,0,0,29,2013-07-09 12:44:00,2013-07-09 15:41:00,"",NA,NA,0.86,2661,"#REF!",4583,"HT",761.4,28.1,39,NA,6.4,0.2,3.5,"",0.58,0.02,0.15,NA,0.02,0,13,"",2.16,0.08,0.39,NA,0.06,0,4.76,"",0.79,0.03,16.5,2.74,0.1,12.9,2.13,0.08
NA,NA,"","",NA,"",NA,"",0,1,0,0,30,2013-08-21 20:23:00,2013-08-22 01:00:00,"",NA,NA,0.02,233,"#REF!",4583,"",66.7,2.5,38.7,NA,0.6,0,3.5,"",0.05,0,0.15,NA,0,0,13,"",0.19,0.01,0.385,NA,0.01,0,4.76,"",0.07,0,16.5,0.24,0.01,12.9,0.19,0.01
NA,NA,"","",NA,"",NA,"",0,1,0,0,31,2013-10-05 13:10:00,2013-10-05 13:45:00,"",NA,NA,0.06,43,"#REF!",117,"",0.3,0,54.6,NA,0.14725074,0,2.8,"",0.00755132,0,0.09,NA,0,0,2.19,"",0.005906211,0,0.52,NA,0.0013916,0,0.73,"",0.001957949,0,5,0.01,0,2.1,0.01,0
NA,NA,"","",NA,"",NA,"",0,1,0,0,32,2013-10-05 15:26:00,2013-10-05 16:15:00,"",NA,NA,0.08,52,"#REF!",117,"",0.4,0,54.6,NA,0.176700888,0,2.8,"",0.009061584,0,0.09,NA,0,0,2.19,"",0.007087453,0,0.52,NA,0.00166992,0,0.73,"",0.002349539,0,5,0.02,0,2.1,0.01,0
NA,NA,"","",NA,"",NA,"",0,1,0,0,33,2013-10-05 16:34:00,2013-10-05 17:00:00,"",NA,NA,0.03,26,"#REF!",117,"",0.2,0,54.6,NA,0.088350444,0,2.8,"",0.004530792,0,0.09,NA,0,0,2.19,"",0.003543727,0,0.52,NA,0.00083496,0,0.73,"",0.00117477,0,5,0.01,0,2.1,0,0
NA,NA,"","",NA,"",NA,"",0,1,0,0,34,2013-10-05 18:00:00,2013-10-05 18:46:00,"",NA,NA,0.09,78,"#REF!",117,"",0.6,0,54.6,NA,0.265051332,0,2.8,"",0.013592376,0,0.09,NA,0,0,2.19,"",0.01063118,0,0.52,NA,0.002504881,0,0.73,"",0.003524309,0,5,0.02,0,2.1,0.01,0
NA,NA,"654-13-14","ESW2-13",1685,"99%",13,"",0,0,0,0,35,2013-10-31 22:15:00,2013-11-01 13:15:00,"",NA,NA,0.1167,1693,"#REF!",117,"HT",12.4,0.5,54.6,NA,5.772229008,0.2,2.8,"",0.296011744,0,0.09,NA,0.01,0,2.19,"",0.231523471,0,0.52,NA,0.054550736,0,0.73,"",0.076751616,0,5,0.53,0.02,2.1,0.22,0.01
NA,NA,"654-13-15","ESW2-14",6756,"",19,"",0,0,0,0,36,2013-11-05 16:13:00,2013-11-07 03:00:00,"",NA,NA,0.1859,6765,"#REF!",142,"HT",60,2.2,44.6,NA,18.83612048,0.7,5,"",2.1116727,0.1,0.04,NA,0.02,0,2.91,"",1.228993511,0,0.56,NA,0.236085008,0,0.9,"",0.378411748,0,7.9,3.34,0.12,2.9,1.21,0.04
NA,NA,"","",NA,"",NA,"",0,1,0,0,37,2013-11-09 00:32:00,2013-11-09 16:15:00,"",NA,NA,0.049,1097,"#REF!",462,"",31.6,1.2,58.6,NA,4.014173836,0.1,1,"",0.06850126,0,0.09,NA,0.01,0,2.99,"",0.204818767,0,0.31,NA,0.021166889,0,1.06,"",0.072611336,0,4,0.27,0.01,2.9,0.2,0.01
NA,NA,"669-13-2","ESW2-15a",1115,"100%",2,"",0,0,0,0,38,2013-11-16 17:30:00,2013-11-17 07:45:00,"",NA,NA,0.0638,1115,"#REF!",462,"HT",32.1,1.2,58.6,NA,4.077389172,0.2,1,"",0.06958002,0,0.09,NA,0.01,0,2.99,"",0.20804426,0,0.31,NA,0.021500226,0,1.06,"",0.073754821,0,4,0.28,0.01,2.9,0.2,0.01
NA,NA,"669-13-3","ESW2-15b",8839,"100%",9,"",0,0,0,0,39,2013-11-17 07:45:00,2013-11-18 18:45:00,"",NA,NA,0.25,8856,"#REF!",318,"HT",175.8,6.5,41.1,NA,22.72273095,0.8,5.6,"",3.0960412,0.1,0.32,NA,0.18,0.01,4.28,"",2.36626006,0.1,0.53,NA,0.293018185,0,1.2,"",0.6634374,0,9.9,5.46,0.2,4,2.19,0.08
NA,NA,"71-14-3","ESW2-16a",20140,"100%",15,"",0,0,0,1,40,2014-03-10 17:45:00,2014-03-14 09:45:00,"",NA,NA,0.11,20140,"#REF!",5,"HT",6.3,0.2,4.5,NA,5.65782651,0.2,1.9,"",2.388860082,0.1,1.16,NA,1.46,0.05,2.18,"",2.74090262,0.1,0.44,NA,0.554466998,0,0.53,"",0.666366233,0,4.1,5.13,0.19,1,1.28,0.05
NA,NA,"71-14-4","ESW2-16b",38180,"",6,"",0,0,0,1,41,2014-03-14 09:45:00,2014-03-15 14:41:00,"",NA,NA,2.79,38180,"#REF!",62,"HT",147.8,5.5,3.2,NA,7.627264704,0.3,1.6,"",3.813632352,0.1,0.73,NA,1.74,0.06,2.74,"",6.530845403,0.2,0.31,NA,0.736507748,0,0.54,"",1.294251479,0,4.3,10.34,0.38,2,4.79,0.18
NA,NA,"71-14-5","ESW2-16c",11949,"100%",2,"",0,0,0,1,42,2014-03-15 14:41:00,2014-03-16 00:39:00,"",NA,NA,0.71,11949,"#REF!",71,"HT",53,2,3.3,NA,2.461676382,0.1,1.7,"",1.268136318,0,0.87,NA,0.65,0.02,3.75,"",2.797359525,0.1,0.38,NA,0.283465765,0,0.7,"",0.522919741,0,5.5,4.07,0.15,2.9,2.15,0.08
NA,NA,"71-14-6","ESW2-33",NA,"0%",1,"",1,0,0,1,43,2014-03-16 00:39:00,2014-03-17 10:30:00,"",NA,NA,0.16,10437,"#REF!",116,"HT",75.6,2.8,2.9,NA,1.889556016,0.1,1.9,"",1.237984976,0,0.59,NA,0.38,0.01,2.36,"",1.537707654,0.1,0.41,NA,0.265840984,0,0.59,"",0.383775343,0,4.3,2.78,0.1,1.8,1.15,0.04
NA,NA,"81-14-6","ESW2-17",22792,"100%",19,"",0,0,0,1,44,2014-03-18 14:45:00,2014-03-21 08:30:00,"",NA,NA,0.44,22792,"#REF!",235,"HT",334.4,12.3,3.3,NA,4.695518652,0.2,1.6,"",2.276615104,0.1,0.93,NA,1.32,0.05,3.18,"",4.524772519,0.2,0.4,NA,0.573422429,0,0.77,"",1.094198134,0,4.8,6.8,0.25,2.3,3.2,0.12
NA,NA,"","",NA,"0%",NA,"",0,1,0,1,45,2014-03-21 12:15:00,2014-03-22 06:30:00,"",NA,NA,0.44,7603,"#REF!",235,"",111.5,4.1,3.3,NA,1.56635952,0.1,1.6,"",0.75944704,0,0.93,NA,0.44,0.02,3.18,"",1.509400992,0.1,0.4,NA,0.191285723,0,0.77,"",0.365009234,0,4.8,2.27,0.08,2.3,1.07,0.04
NA,NA,"","",NA,"",NA,"",0,1,0,1,46,2014-03-22 13:15:00,2014-03-23 07:45:00,"",NA,NA,0.19,3724,"#REF!",235,"",54.6,2,3.3,NA,0.767160174,0,1.6,"",0.371956448,0,0.93,NA,0.22,0.01,3.18,"",0.73926344,0,0.4,NA,0.09368653,0,0.77,"",0.178771568,0,4.8,1.11,0.04,2.3,0.52,0.02
NA,NA,"81-14-7","ESW2-19a",22870,"100%",11,"",0,0,0,1,47,2014-03-27 14:30:00,2014-03-28 08:00:00,"",NA,NA,1.85,22870,"#REF!",1519,"HT",2168.7,80,6.1,NA,8.709207046,0.3,3.7,"",5.282633782,0.2,0.81,NA,1.16,0.04,8.4,"",11.99300642,0.4,0.38,NA,0.545396245,0,2.78,"",3.969114031,0.1,12.1,17.28,0.64,7.6,10.84,0.4
NA,NA,"81-14-8","ESW2-19b",7033,"",5,"",0,0,0,1,48,2014-03-28 08:00:00,2014-03-28 22:30:00,"",NA,NA,0.42,7033,"#REF!",603,"HT",264.8,9.8,7.3,NA,3.205103836,0.1,4.6,"",2.019654472,0.1,0.73,NA,0.32,0.01,5,"",2.1952766,0.1,0.46,NA,0.199770171,0,1.44,"",0.632239661,0,9.6,4.21,0.16,4.3,1.87,0.07
NA,NA,"","",NA,"",NA,"",0,1,0,1,49,2014-03-29 11:00:00,2014-03-29 22:00:00,"",NA,NA,0.13,2246,"#REF!",603,"",84.6,3.1,7.3,NA,1.02374324,0,4.6,"",0.64509848,0,0.73,NA,0.1,0,5,"",0.701194,0,0.46,NA,0.063808654,0,1.44,"",0.201943872,0,9.6,1.35,0.05,4.3,0.6,0.02
NA,NA,"","",NA,"",NA,"",0,1,0,1,50,2014-03-30 12:30:00,2014-03-31 00:45:00,"",NA,NA,0.03,536,"#REF!",603,"",20.2,0.7,7.3,NA,0.244123388,0,4.6,"",0.153831176,0,0.73,NA,0.02,0,5,"",0.1672078,0,0.46,NA,0.01521591,0,1.44,"",0.048155846,0,9.6,0.32,0.01,4.3,0.14,0.01
NA,NA,"","",NA,"",NA,"",0,1,0,1,51,2014-04-02 08:15:00,2014-04-02 11:30:00,"",NA,NA,0.13,562,"#REF!",603,"",21.1,0.8,7.3,NA,0.25593581,0,4.6,"",0.16127462,0,0.73,NA,0.03,0,5,"",0.1752985,0,0.46,NA,0.015952164,0,1.44,"",0.050485968,0,9.6,0.34,0.01,4.3,0.15,0.01
NA,NA,"","",NA,"",NA,"",0,1,0,1,52,2014-04-04 14:15:00,2014-04-04 20:15:00,"",NA,NA,0.04,302,"#REF!",603,"",11.4,0.4,7.3,NA,0.13781159,0,4.6,"",0.08684018,0,0.73,NA,0.01,0,5,"",0.0943915,0,0.46,NA,0.008589627,0,1.44,"",0.027184752,0,9.6,0.18,0.01,4.3,0.08,0
NA,NA,"148-14-16","ESW2-20a",8061,"100%",15,"",0,0,0,0,53,2014-04-12 13:12:00,2014-04-13 01:56:00,"",NA,NA,0.82,8061,"#REF!",2088,"HT",1050.8,38.8,32.3,NA,16.25470174,0.6,7.3,"",3.673663242,0.1,0.24,NA,0.12,0,10.1,"HT",5.082739554,0.2,0.41,NA,0.204316065,0,3.84,"HT",1.932447514,0.1,17.4,8.76,0.32,9.9,4.96,0.18
NA,NA,"148-14-17","ESW2-20b",21254,"100%",9,"",0,0,0,0,54,2014-04-13 01:56:00,2014-04-13 17:15:00,"",NA,NA,1.85,21254,"#REF!",1609,"HT",2134.9,78.8,29.5,NA,39.1428066,1.4,9.4,"",12.47262312,0.5,0.1,NA,0.13,0,7.5,"HT",9.951561,0.4,0.36,NA,0.479001803,0,2.87,"HT",3.808130676,0.1,16.9,22.42,0.83,7.4,9.82,0.36
NA,NA,"148-14-18","ESW2-20c",74183,"100%",10,"",0,0,0,0,55,2014-04-13 17:15:00,2014-04-14 07:46:00,"",NA,NA,4.58,74183,"#REF!",3064,"HT",14189.7,523.6,14.8,NA,68.54052686,2.5,6.2,"",28.71292342,1.1,0.03,NA,0.14,0.01,11.7,"HT",54.18406516,2,0.35,NA,1.630153071,0.1,4.77,"HT",22.09042656,0.8,17.9,82.9,3.06,11.7,54.05,1.99
NA,NA,"148-14-20","ESW2-20d",16701,"100%",5,"",0,0,0,0,56,2014-04-14 07:46:00,2014-04-15 02:15:00,"",NA,NA,0.91,16701,"#REF!",276,"HT",287.8,10.6,18.2,NA,18.97571203,0.7,6.9,"",7.194088626,0.3,0.07,NA,0.07,0,2.44,"HT",2.543996558,0.1,0.35,NA,0.362832296,0,0.95,"HT",0.989447841,0,9.3,9.74,0.36,2.4,2.47,0.09
NA,NA,"157-14-1","ESW2-21a",2298,"100%",7,"",0,0,0,0,57,2014-04-29 02:45:00,2014-04-29 15:59:00,"",NA,NA,0.18,2298,"#REF!",354,"HT",50.8,1.9,40.1,NA,5.753350708,0.2,3,"",0.43042524,0,0.13,NA,0.02,0,3.28,"HT",0.470598262,0,0.32,NA,0.04519465,0,0.98,"HT",0.140749053,0,6.3,0.9,0.03,3.2,0.45,0.02
NA,NA,"157-14-2","ESW2-21b",8735,"100%",16,"",0,0,0,0,58,2014-04-29 15:59:00,2014-04-30 13:49:00,"",NA,NA,0.52,8735,"#REF!",142,"HT",77.4,2.9,44.7,NA,24.37549915,0.9,7.4,"",4.035317532,0.1,0.07,NA,0.04,0,2.37,"HT",1.292392237,0,0.34,NA,0.185406481,0,0.6,"HT",0.326642595,0,9.8,5.33,0.2,2.3,1.25,0.05
NA,NA,"157-14-3","ESW2-21c",4113,"100%",4,"",0,0,0,0,59,2014-04-30 13:49:00,2014-05-01 17:45:00,"",NA,NA,0.14,4113,"#REF!",35,"HT",9,0.3,54.5,NA,13.99259596,0.5,8.2,"",2.105308016,0.1,0.05,NA,0.01,0,2.23,"HT",0.572541082,0,0.36,NA,0.093198391,0,0.46,"HT",0.11835939,0,10.4,2.68,0.1,2.2,0.56,0.02
NA,NA,"","",NA,"",NA,"",0,1,0,0,60,2014-05-01 17:45:00,2014-05-02 17:00:00,"",NA,NA,0.03,743,"#REF!",35,"",1.6,0.1,54.5,NA,2.52807406,0.1,8.2,"",0.380370776,0,0.05,NA,0,0,2.23,"",0.103442296,0,0.36,NA,0.016838365,0,0.46,"",0.021384259,0,10.4,0.48,0.02,2.2,0.1,0
NA,NA,"","",NA,"",NA,"",0,1,0,0,61,2014-05-07 13:50:00,2014-05-07 18:00:00,"",NA,NA,0.05,233,"#REF!",35,"",0.5,0,54.5,NA,0.79369767,0,8.2,"",0.119418732,0,0.05,NA,0,0,2.23,"",0.03247607,0,0.36,NA,0.005286463,0,0.46,"",0.006713663,0,10.4,0.15,0.01,2.2,0.03,0
NA,NA,"","",NA,"",NA,"event produced from discretes, estimated Q",0,1,0,0,65,2014-05-12 04:55:00,2014-05-14 01:00:00,"",NA,NA,5.92,35251,"#REF!",3064,"",6742.9,248.8,14.8,NA,32.56992192,1.2,6.2,"",13.64415648,0.5,0.03,NA,0.07,0,11.7,"",25.74784368,1,0.35,NA,0.774635981,0,4.77,"",10.49719781,0.4,17.9,39.39,1.45,11.7,25.68,0.95
NA,NA,"","",NA,"",NA,"",0,1,0,0,66,2014-05-19 17:46:00,2014-05-20 16:45:00,"",NA,NA,0.18,829,"#REF!",35,"",1.8,0.1,54.5,NA,2.82203616,0.1,8.2,"",0.424599936,0,0.05,NA,0,0,2.23,"",0.11547047,0,0.36,NA,0.018796314,0,0.46,"",0.023870801,0,10.4,0.54,0.02,2.2,0.11,0
NA,NA,"","ESW2-22a",NA,"",NA,"",0,1,0,0,67,2014-06-01 16:17:00,2014-06-01 18:00:00,"",NA,NA,0.13,173,"#REF!",35,"",0.4,0,54.5,NA,0.5879242,0,8.2,"",0.08845832,0,0.05,NA,0,0,2.23,"",0.024056348,0,0.36,NA,0.003915899,0,0.46,"",0.004973084,0,10.4,0.11,0,2.2,0.02,0
NA,NA,"255-14-12","ESW2-22b",20537,"100%",NA,"",0,0,0,0,68,2014-06-01 18:00:00,2014-06-01 20:46:00,"",NA,NA,14.16,20537,"#REF!",14986,"HT",19213.6,709,6,NA,7.69263756,0.3,4.2,"",5.384846292,0.2,1.94,NA,2.49,0.09,57,"",73.08005682,2.7,0.63,NA,0.803880625,0,20.6,"",26.41138896,1,61.2,78.46,2.9,55.1,70.59,2.6
NA,NA,"255-14-13","ESW2-22c",4614,"100%",NA,"",0,0,0,0,69,2014-06-01 20:46:00,2014-06-01 23:01:00,"",NA,NA,2.2,4614,"#REF!",5909,"HT",1702,62.8,15.3,NA,4.406842476,0.2,10.2,"",2.937894984,0.1,2.39,NA,0.69,0.03,27.4,"",7.891992408,0.3,0.57,NA,0.16273634,0,8.82,"",2.540415074,0.1,37.6,10.83,0.4,25,7.2,0.27
NA,NA,"","ESW2-22d",NA,"",NA,"",0,1,0,0,70,2014-06-01 23:01:00,2014-06-02 03:16:00,"",NA,NA,5.11,7957,"#REF!",5909,"",2935.4,108.3,15.3,NA,7.600565394,0.3,10.2,"",5.067043596,0.2,2.39,NA,1.19,0.04,27.4,"",13.61147005,0.5,0.57,NA,0.280674474,0,8.82,"",4.381502404,0.2,37.6,18.68,0.69,25,12.42,0.46
NA,NA,"","ESW2-22e",NA,"",NA,"",0,1,0,0,71,2014-06-02 03:16:00,2014-06-02 10:25:00,"",NA,NA,11.29,23285,"#REF!",5909,"",8589.5,317,15.3,NA,22.24052523,0.8,10.2,"",14.82701682,0.5,2.39,NA,3.47,0.13,27.4,"",39.82943734,1.5,0.57,NA,0.821300442,0,8.82,"",12.82100866,0.5,37.6,54.66,2.02,25,36.36,1.34
NA,NA,"","ESW2-22f",NA,"",NA,"event produced from discretes",0,1,0,0,72,2014-06-02 10:25:00,2014-06-03 01:30:00,"",NA,NA,42.53,101252,"#REF!",14986,"",94726.4,3495.4,6,NA,37.92596532,1.4,4.2,"",26.54817572,1,1.94,NA,12.26,0.45,57,"",360.2966705,13.3,0.63,NA,3.963263376,0.1,20.6,"",130.2124809,4.8,61.2,386.84,14.27,55.1,348.03,12.84
NA,NA,"","",NA,"",NA,"",0,1,0,0,73,2014-06-17 00:18:00,2014-06-17 06:45:00,"",NA,NA,0.55,3473,"#REF!",5909,"",1281.3,47.3,15.3,NA,3.317510628,0.1,10.2,"",2.211673752,0.1,2.39,NA,0.52,0.02,27.4,"",5.941162824,0.2,0.57,NA,0.122509379,0,8.82,"",1.912447303,0.1,37.6,8.15,0.3,25,5.42,0.2
NA,NA,"","",NA,"",NA,"",0,1,0,0,74,2014-06-18 02:21:00,2014-06-19 08:00:00,"",NA,NA,12.2,34188,"#REF!",5909,"",12611.7,465.4,15.3,NA,32.6551979,1.2,10.2,"",21.77013193,0.8,2.39,NA,5.1,0.19,27.4,"",58.48055048,2.2,0.57,NA,1.205894563,0,8.82,"",18.82476114,0.7,37.6,80.25,2.96,25,53.38,1.97
NA,NA,"","",NA,"",NA,"",0,1,0,0,75,2014-06-20 00:20:00,2014-06-20 23:00:00,"",NA,NA,4.98,8726,"#REF!",5909,"",3219.1,118.8,15.3,NA,8.33503914,0.3,10.2,"",5.55669276,0.2,2.39,NA,1.3,0.05,27.4,"",14.92680212,0.6,0.57,NA,0.307797197,0,8.82,"",4.804904916,0.2,37.6,20.48,0.76,25,13.62,0.5
NA,NA,"","",NA,"",NA,"",0,1,0,0,76,2014-06-23 04:34:00,2014-06-23 11:00:00,"",NA,NA,0.02,207,"#REF!",5909,"",76.5,2.8,15.3,NA,0.198060336,0,10.2,"",0.132040224,0,2.39,NA,0.03,0,27.4,"",0.354696288,0,0.57,NA,0.007313993,0,8.82,"",0.114175958,0,37.6,0.49,0.02,25,0.32,0.01
NA,NA,"","",NA,"",NA,"",0,1,0,0,77,2014-06-30 18:34:00,2014-06-30 22:00:00,"",NA,NA,0.02,121,"#REF!",5909,"",44.6,1.6,15.3,NA,0.115535196,0,10.2,"",0.077023464,0,2.39,NA,0.02,0,27.4,"",0.206906168,0,0.57,NA,0.004266496,0,8.82,"",0.066602642,0,37.6,0.28,0.01,25,0.19,0.01
NA,NA,"","",NA,"",NA,"",0,1,0,0,78,2014-07-01 17:55:00,2014-07-02 10:45:00,"",NA,NA,0.08,1158,"#REF!",5909,"",427.1,15.8,15.3,NA,1.105836876,0,10.2,"",0.737224584,0,2.39,NA,0.17,0.01,27.4,"",1.980387608,0.1,0.57,NA,0.04083646,0,8.82,"",0.637482434,0,37.6,2.72,0.1,25,1.81,0.07
NA,NA,"","",NA,"",NA,"",0,1,0,0,79,2014-07-07 23:00:00,2014-07-08 13:30:00,"",NA,NA,0.1,942,"#REF!",5909,"",347.4,12.8,15.3,NA,0.899524026,0,10.2,"",0.599682684,0,2.39,NA,0.14,0.01,27.4,"",1.610912308,0.1,0.57,NA,0.033217717,0,8.82,"",0.518549144,0,37.6,2.21,0.08,25,1.47,0.05
NA,NA,"426-14-1","ESW2-2059",NA,"",NA,"",1,0,0,0,80,2014-08-18 17:39:00,2014-08-18 18:30:00,"",NA,NA,0.1,69,"#REF!",2306,"",10,0.4,4.7,NA,0.020280688,0,1.5,"",0.00647256,0,0.16,NA,0,0,6.6,"",0.028479264,0,0.23,NA,0.001009719,0,2.53,"",0.010917051,0,8.1,0.03,0,6.4,0.03,0
NA,NA,"","",NA,"",NA,"",0,1,0,0,81,2014-08-19 02:45:00,2014-08-19 04:00:00,"",NA,NA,0.02,43,"#REF!",1095,"",3,0.1,5.8,NA,0.01564202,0,0.9,"",0.00242721,0,0.05,NA,0,0,4.93,"",0.013295717,0,0.4,NA,0.001065276,0,1.98,"",0.005339862,0,5.8,0.02,0,4.9,0.01,0
NA,NA,"451-14-2","ESW2-23",3231,"98%",NA,"",0,0,0,0,82,2014-08-25 08:32:00,2014-08-25 16:00:00,"",NA,NA,1.57,3300,"#REF!",1095,"HT",225.6,8.3,5.8,NA,1.195050328,0,0.9,"",0.185438844,0,0.05,NA,0.01,0,4.93,"",1.015792779,0,0.4,NA,0.081387048,0,1.98,"",0.407965457,0,5.8,1.2,0.04,4.9,1.01,0.04
NA,NA,"","",NA,"",NA,"",0,1,0,0,83,2014-09-04 21:43:00,2014-09-04 22:30:00,"",NA,NA,0.05,60,"#REF!",208,"",0.8,0,27.8,NA,0.104963348,0,0.2,"",0.000755132,0,0.1,NA,0,0,3.21,"",0.012119869,0,0.56,NA,0.002118145,0,1.06,"",0.003990873,0,3.4,0.01,0,3.1,0.01,0
NA,NA,"492-14-3","ESW2-24",24313,"99%",NA,"",0,0,0,0,84,2014-09-05 05:15:00,2014-09-05 23:30:00,"",NA,NA,6,24512,"#REF!",1474,"",2255.5,83.2,2.6,NA,3.978574756,0.1,0.5,"",0.76511053,0,0.1,NA,0.15,0.01,6.7,"",10.2524811,0.4,0.36,NA,0.547819139,0,2.45,"",3.749041597,0.1,7.2,11.02,0.41,6.6,10.1,0.37
NA,NA,"","",NA,"",NA,"",0,1,0,0,85,2014-09-12 19:05:00,2014-09-13 11:00:00,"",NA,NA,0.04,544,"#REF!",208,"",7.1,0.3,27.8,NA,0.944670132,0,0.2,"",0.006796188,0,0.1,NA,0,0,3.21,"",0.109078817,0,0.56,NA,0.019063307,0,1.06,"",0.035917854,0,3.4,0.12,0,3.1,0.11,0
NA,NA,"517-14-3","ESW2-25a",3430,"93%",NA,"",0,0,0,0,86,2014-09-20 03:20:00,2014-09-21 00:02:00,"",NA,NA,0.55,3672,"#REF!",446,"HT",102.2,3.8,14.1,NA,3.23223465,0.1,0.4,"",0.0916946,0,0.1,NA,0.02,0,0.23,"",0.052724395,0,0.6,NA,0.138000373,0,1.52,"",0.34843948,0,0.6,0.14,0.01,0.1,0.03,0
NA,NA,"517-14-4","ESW2-25b",873,"100%",NA,"",0,0,0,0,87,2014-09-21 00:02:00,2014-09-21 05:04:00,"",NA,NA,0.18,873,"#REF!",208,"HT",11.3,0.4,27.8,NA,1.514471164,0.1,0.2,"",0.010895476,0,0.1,NA,0.01,0,3.21,"",0.17487239,0,0.56,NA,0.03056181,0,1.06,"",0.057582591,0,3.4,0.19,0.01,3.1,0.17,0.01
NA,NA,"","ESW2-25c",NA,"",NA,"",0,1,0,0,88,2014-09-21 05:04:00,2014-09-21 21:00:00,"",NA,NA,0.71,4337,"#REF!",446,"",120.8,4.5,14.1,NA,3.817839516,0.1,0.4,"",0.108307504,0,0.1,NA,0.03,0,0.23,"",0.062276815,0,0.6,NA,0.163002794,0,1.52,"",0.411568515,0,0.6,0.17,0.01,0.1,0.04,0
NA,NA,"542-14-2","ESW2-26",2549,"94%",NA,"",0,0,0,0,89,2014-10-03 05:17:00,2014-10-03 22:30:00,"",NA,NA,0.2374,2713,"#REF!",235,"HT",39.8,1.5,18.6,NA,3.2,0.1,0.4,"",0.07,0,0.07,NA,0.01,0,3.16,"",0.54,0.02,0.69,NA,0.12,0,1.49,"",0.25,0.01,3.6,0.6,0.02,3.1,0.52,0.02
NA,NA,"559-14-3","ESW2-27",66139,"100%",NA,"",0,0,0,0,90,2014-10-13 18:31:00,2014-10-14 12:13:00,"",NA,NA,10.2,66139,"#REF!",1259,"HT",5198.4,191.8,5.4,NA,22.3,0.8,0.1,"<",0.21,0.01,0.03,NA,0.12,0,7.8,"",32.21,1.19,0.72,NA,2.98,0.11,3.48,"",14.37,0.53,7.9,32.41,1.2,7.8,32.08,1.18
NA,NA,"","",NA,"#DIV/0!",NA,"",0,1,0,0,91,2014-10-14 12:13:00,2014-10-15 02:53:00,"",NA,NA,0.4104,3905,"#REF!",297,"",72.4,2.7,15,NA,3.6,0.1,0,"<",0.01,0,0.02,NA,0,0,3.32,"",0.81,0.03,0.59,NA,0.14,0.01,1.33,"",0.32,0.01,3.4,0.82,0.03,3.3,0.8,0.03
NA,NA,"559-14-4","ESW2-28",11915,"100%",NA,"",0,0,0,0,92,2014-10-15 02:53:00,2014-10-15 19:45:00,"",NA,NA,1.23,11914.56,"#REF!",297,"HT",220.9,8.2,14.8,NA,11,0.4,0.1,"<",0.04,0,0,NA,0.01,0,3.32,"",2.47,0.09,0.6,NA,0.44,0.02,1.33,"",0.99,0.04,3.4,2.51,0.09,3.3,2.45,0.09
NA,NA,"","",NA,"0%",NA,"",0,1,0,0,93,2014-10-15 19:45:00,2014-10-18 18:15:00,"",NA,NA,0.02,2082.24,"#REF!",297,"",38.6,1.4,15,NA,1.9,0.1,0,"<",0.01,0,0.02,NA,0,0,3.32,"",0.43,0.02,0.59,NA,0.08,0,1.33,"",0.17,0.01,3.4,0.44,0.02,3.3,0.43,0.02
NA,NA,"623-14-1","ESW2-29",5867,"100%",NA,"",0,0,0,0,94,2014-11-23 15:45:00,2014-11-24 19:17:00,"",NA,NA,0.25,5866.56,"#REF!",2,"<",0.4,0,42.1,NA,15.4,0.6,0.2,"",0.07,0,0.2,NA,0.08,0,3.13,"",1.15,0.04,0.5,NA,0.17,0.01,0.799,"",0.29,0.01,3.3,1.22,0.05,2.9,1.07,0.04
NA,NA,"","",NA,"0%",NA,"",0,1,0,1,95,2014-12-13 15:46:00,2014-12-15 05:41:00,"",NA,NA,0.63,38871.36,"#REF!",28,"",67.9,2.5,31,NA,75.2,2.8,1,"",2.67,0.1,0.1,NA,0.32,0.01,1.9,"",4.49,0.17,0.4,NA,0.91,0.03,0.5,"",1.19,0.04,3,7.16,0.26,1.7,4.17,0.15
NA,NA,"650-14-1","ESW2-30",NA,"0%",1,"",1,0,0,1,96,2014-12-15 05:41:00,2014-12-15 20:17:00,"snowmelt",NA,NA,0.41,12977.28,"#REF!",28,"HT",22.7,0.8,31,NA,25.1,0.9,1.1,"",0.89,0.03,0.1,NA,0.11,0,1.85,"",1.5,0.06,0.4,NA,0.3,0.01,0.489,"",0.4,0.01,3,2.39,0.09,1.7,1.39,0.05
NA,NA,"650-14-2","ESW2-31",45619,"100%",6,"",0,0,0,1,97,2014-12-15 20:17:00,2014-12-16 20:30:00,"rain/snowmelt",NA,NA,1.79,45619.2,"#REF!",262,"HT",746.2,27.5,29.8,NA,84.9,3.1,1.5,"",4.27,0.16,0.1,NA,0.28,0.01,2.57,"",7.32,0.27,0.4,NA,1.22,0.05,0.84,"",2.39,0.09,4.1,11.59,0.43,2.5,7.03,0.26
NA,NA,"","",NA,"0%",NA,"",0,1,0,1,98,2014-12-16 20:30:00,2014-12-17 16:15:00,"",NA,NA,0.02,544.32,"#REF!",262,"",8.9,0.3,30,NA,1,0,1.5,"",0.05,0,0.1,NA,0,0,2.6,"",0.09,0,0.4,NA,0.01,0,0.8,"",0.03,0,4.1,0.14,0.01,2.5,0.08,0
NA,NA,"","",NA,"0%",NA,"",0,1,0,1,99,2014-12-20 05:45:00,2014-12-20 13:30:00,"",NA,NA,0.09,1581.12,"#REF!",838,"",82.7,3.1,18,NA,1.8,0.1,1.1,"",0.11,0,0.1,NA,0.01,0,5.2,"",0.51,0.02,0.4,NA,0.04,0,1.9,"",0.19,0.01,6.3,0.62,0.02,5.1,0.5,0.02
NA,NA,"","ESW2-32a",NA,"0%",NA,"",0,1,0,1,100,2014-12-22 11:45:00,2014-12-23 03:11:00,"",NA,NA,0.6,8233.92,"#REF!",838,"",430.8,15.9,18,NA,9.4,0.3,1.1,"",0.57,0.02,0.1,NA,0.07,0,5.2,"",2.67,0.1,0.4,NA,0.22,0.01,1.9,"",1,0.04,6.3,3.24,0.12,5.1,2.6,0.1
NA,NA,"2-15-1","ESW2-32b",42172,"100%",NA,"",0,0,0,1,101,2014-12-23 03:11:00,2014-12-24 04:36:00,"",NA,NA,4.06,42171.84,"#REF!",838,"HT",2206.2,81.4,18.2,NA,47.9,1.8,1.1,"",2.9,0.11,0.1,NA,0.37,0.01,5.2,"",13.69,0.51,0.4,NA,1.13,0.04,1.94,"",5.11,0.19,6.3,16.59,0.61,5.1,13.32,0.49
NA,NA,"","ESW2-32c",NA,"0%",NA,"",0,1,0,1,102,2014-12-24 04:36:00,2014-12-25 05:00:00,"",NA,NA,0.08,4026.24,"#REF!",838,"",210.6,7.8,18,NA,4.6,0.2,1.1,"",0.28,0.01,0.1,NA,0.04,0,5.2,"",1.31,0.05,0.4,NA,0.11,0,1.9,"",0.49,0.02,6.3,1.58,0.06,5.1,1.27,0.05
NA,NA,"","",NA,"0%",NA,"",0,1,0,1,103,2014-12-25 12:00:00,2014-12-25 19:15:00,"",NA,NA,0.09,1382.4,"#REF!",838,"",72.3,2.7,18,NA,1.6,0.1,1.1,"",0.09,0,0.1,NA,0.01,0,5.2,"",0.45,0.02,0.4,NA,0.04,0,1.9,"",0.17,0.01,6.3,0.54,0.02,5.1,0.44,0.02
NA,NA,"","",NA,"0%",NA,"",0,1,0,1,104,2014-12-26 11:00:00,2014-12-27 23:30:00,"",NA,NA,1.04,17850.24,"#REF!",838,"",933.8,34.5,18,NA,20.3,0.7,1.1,"",1.23,0.05,0.1,NA,0.16,0.01,5.2,"",5.79,0.21,0.4,NA,0.48,0.02,1.9,"",2.16,0.08,6.3,7.02,0.26,5.1,5.64,0.21
NA,NA,"15-69-7","ESW2-33a",23890,"100%",NA,"",0,0,0,1,105,2015-03-08 14:00:00,2015-03-09 11:59:00,"",NA,NA,3.78,23889.6,"#REF!",116,"HT",173,6.4,11,NA,16.4,0.6,0.8,"",1.19,0.04,1.2,NA,1.83,0.07,3.53,"",5.26,0.19,0.5,NA,0.79,0.03,0.83,"",1.24,0.05,4.3,6.46,0.24,2.3,3.43,0.13
NA,NA,"15-69-8","ESW2-33b",24097,"100%",NA,"",0,0,0,1,106,2015-03-09 11:59:00,2015-03-10 10:15:00,"",NA,NA,1.76,24096.96,"#REF!",411,"HT",618.3,22.8,15.6,NA,23.5,0.9,0.2,"",0.3,0.01,1.1,NA,1.71,0.06,4.72,"",7.1,0.26,0.5,NA,0.79,0.03,1.29,"",1.94,0.07,4.9,7.4,0.27,3.6,5.39,0.2
NA,NA,"15-69-11","ESW2-33c",1676,"100%",NA,"",0,0,0,1,107,2015-03-10 10:15:00,2015-03-11 03:00:00,"",NA,NA,0.18,1676.16,"#REF!",648,"HT",0,0,13.2,NA,0,0,0.2,"",0,0,0.9,NA,0,0,5.2,"",0,0,0.5,NA,0,0,1.66,"",0,0,5.4,0,0,4.3,0,0
NA,NA,"","ESW2-33d",NA,"0%",NA,"",0,1,0,1,108,2015-03-11 10:30:00,2015-03-11 23:30:00,"",NA,NA,0.07,1183.68,"#REF!",656,"HT",0,0,14,NA,0,0,0.2,"",0,0,1,NA,0,0,5.2,"",0,0,0.5,NA,0,0,1.7,"",0,0,5.4,0,0,4.2,0,0
NA,NA,"","ESW2-34a",2298,"100%",NA,"",0,0,0,0,109,2015-04-09 03:00:00,2015-04-09 13:45:00,"",NA,NA,0.38,2298.24,"#REF!",289,"HT",30.2,1.1,26.7,NA,2.8,0.1,0.2,"",0.02,0,1.2,NA,0.13,0,4.89,"",0.51,0.02,0.4,NA,0.04,0,0.979,"",0.1,0,5.1,0.53,0.02,3.7,0.38,0.01
NA,NA,"","ESW2-34b",8908,"100%",NA,"",0,0,0,0,110,2015-04-09 13:45:00,2015-04-09 19:01:00,"",NA,NA,1.46,8907.84,"#REF!",289,"",21.4,0.8,26.7,NA,2,0.1,0.2,"",0.01,0,1.2,NA,0.09,0,4.89,"",0.36,0.01,0.4,NA,0.03,0,0.979,"",0.07,0,5.1,0.38,0.01,3.7,0.27,0.01
NA,NA,"","ESW2-34c",16554,"100%",NA,"",0,0,0,0,111,2015-04-09 19:01:00,2015-04-10 01:03:00,"",NA,NA,3.59,16554.24,"#REF!",2129,"",305.5,11.3,25.8,NA,3.7,0.1,1.7,"",0.24,0.01,0.2,NA,0.03,0,10.3,"",1.48,0.05,0.2,NA,0.03,0,3.88,"",0.56,0.02,12,1.72,0.06,10.1,1.45,0.05
NA,NA,"","ESW2-34d",16088,"99%",NA,"",0,1,0,0,114,2015-04-10 01:03:00,2015-04-11 13:30:00,"",NA,NA,1.76,16243.2,"#REF!",1196,"",1212.8,44.8,21.7,NA,22,0.8,2.6,"",2.64,0.1,0.5,NA,0.55,0.02,7.7,"",7.81,0.29,0.6,NA,0.62,0.02,2.73,"",2.77,0.1,10.3,10.44,0.39,7.2,7.26,0.27
NA,NA,"","ESW2-35",7862,"100%",NA,"",0,0,0,0,115,2015-05-17 16:46:00,2015-05-17 23:15:00,"",NA,NA,6.19,7871.04,"#REF!",6060,"",2977.7,109.9,8.8,NA,4.3,0.2,5.6,"",2.75,0.1,0.4,NA,0.18,0.01,25,"",12.28,0.45,0.4,NA,0.19,0.01,8.76,"",4.3,0.16,30.6,15.04,0.55,24.6,12.11,0.45
NA,NA,"","ESW2-36",16183,"100%",NA,"",0,0,0,0,116,2015-05-24 19:08:00,2015-05-25 04:32:00,"",NA,NA,4.97,16182.72,"#REF!",2330,"",2353.9,86.9,13.5,NA,13.6,0.5,15.1,"",15.25,0.56,0.8,NA,0.79,0.03,9.2,"",9.29,0.34,0.3,NA,0.35,0.01,3.11,"",3.14,0.12,24.3,24.55,0.91,8.4,8.51,0.31
NA,NA,"","ESW2-2345g",NA,"",NA,"",1,0,0,0,117,2015-05-25 04:32:00,2015-05-25 14:30:00,"",NA,NA,0.12,1624.32,"#REF!",25,"",2.5,0.1,64.6,NA,6.6,0.2,55,"",5.58,0.21,1,NA,0.1,0,4.2,"",0.43,0.02,0.4,NA,0.04,0,0.651,"",0.07,0,59.2,6,0.22,3.2,0.33,0.01
NA,NA,"","ESW2-37",2722,"100%",NA,"",0,0,0,0,118,2015-05-26 15:13:00,2015-05-26 20:30:00,"",NA,NA,0.97,2721.6,"#REF!",1400,"",237.9,8.8,30.3,NA,5.1,0.2,21.3,"",3.62,0.13,0.7,NA,0.12,0,10,"",1.7,0.06,0.4,NA,0.06,0,2.58,"",0.44,0.02,31.3,5.32,0.2,9.3,1.58,0.06
NA,NA,"","ESW2-38",NA,"0%",NA,"",0,1,0,0,119,2015-05-27 11:16:00,2015-05-27 14:45:00,"",NA,NA,0.08,293.76,"#REF!",645,"",11.8,0.4,39,NA,0.7,0,36.6,"",0.67,0.02,0.4,NA,0.01,0,4.6,"",0.08,0,0.6,NA,0.01,0,1.7,"",0.03,0,41.2,0.76,0.03,4.2,0.08,0
NA,NA,"","ESW2-39",30292,"99%",NA,"",0,0,0,0,120,2015-05-29 21:13:00,2015-06-01 10:45:00,"",NA,NA,3.92,30507.84,"#REF!",645,"",1228.4,45.3,39.2,NA,74.7,2.8,36.6,"",69.71,2.57,0.4,NA,0.72,0.03,4.6,"",8.76,0.32,0.6,NA,1.23,0.05,1.65,"",3.14,0.12,41.2,78.47,2.9,4.2,8.04,0.3
NA,NA,"","",NA,"",NA,"",0,1,0,0,121,2015-06-07 09:54:00,2015-06-07 13:45:00,"",NA,NA,0.01,34.56,"#REF!",645,"",1.4,0.1,39,NA,0.1,0,36.6,"",NA,NA,0.4,NA,0,0,4.6,"",0.01,0,0.6,NA,0,0,1.7,"",0,0,41.2,0.09,0,4.2,0.01,0
NA,NA,"","ESW2-40",17531,"99%",NA,"",0,0,0,0,122,2015-06-08 13:45:00,2015-06-09 07:30:00,"",NA,NA,12.69,17660.16,"#REF!",12300,"",13560.7,500.4,2.8,NA,3.1,0.1,2.2,"",2.43,0.09,0.4,NA,0.42,0.02,33,"",36.38,1.34,0.4,NA,0.4,0.01,14.5,"",15.99,0.59,35.2,38.81,1.43,32.6,35.96,1.33
NA,NA,"","ESW2-41",75980,"100%",NA,"",0,0,0,0,123,2015-06-11 11:45:00,2015-06-13 11:00:00,"",NA,NA,4.53,76066.56,"#REF!",627,"",2977.4,109.9,18.4,NA,87.4,3.2,16.2,"",76.93,2.84,0.2,NA,0.76,0.03,4.1,"",19.47,0.72,0.5,NA,2.34,0.09,1.54,"",7.31,0.27,20.3,96.4,3.56,3.9,18.71,0.69
NA,NA,"","ESW2-42",63660,"100%",NA,"",0,0,0,0,124,2015-06-15 15:35:00,2015-06-17 13:00:00,"",NA,NA,16.66,63789.12,"#REF!",3590,"",14296.3,527.5,6.9,NA,27.5,1,2.6,"",10.35,0.38,0.2,NA,0.88,0.03,12,"",47.79,1.76,0.4,NA,1.49,0.06,4.33,"",17.24,0.64,14.6,58.14,2.15,11.8,46.91,1.73
NA,NA,"","ESW2-43",3335,"97%",NA,"",0,0,0,0,125,2015-06-22 11:15:00,2015-06-23 12:00:00,"",NA,NA,1.9,3447.36,"#REF!",2720,"",585.4,21.6,8,NA,1.7,0.1,0.9,"",0.19,0.01,0.2,NA,0.05,0,8.5,"",1.83,0.07,0.2,NA,0.04,0,3.4,"",0.73,0.03,9.4,2.02,0.07,8.3,1.78,0.07
NA,NA,"","ESW2-2438",NA,"0%",NA,"",1,0,0,0,126,2015-09-08 10:32:00,2015-09-08 11:00:00,"",NA,NA,0.05,43.2,"#REF!",462,"",1.2,0,2.4,NA,0,0,0.1,"<",0,0,0.1,NA,0,0,2.12,"",0.01,0,0.3,NA,0,0,0.993,"",0,0,2.2,0.01,0,2.1,0.01,0
NA,NA,"","ESW2-44",6540,"100%",NA,"",0,0,0,0,127,2015-09-19 00:35:00,2015-09-19 10:00:00,"",NA,NA,1.21,6540.48,"#REF!",447,"",182.5,6.7,9.4,NA,3.8,0.1,0.1,"<",0.02,0,0,NA,0.01,0,1.83,"",0.75,0.03,1.2,NA,0.5,0.02,2.26,"",0.92,0.03,1.9,0.77,0.03,1.8,0.74,0.03
NA,NA,"1600234","ESW2-45",1434,"100%",NA,"",0,0,0,0,128,2015-10-31 10:56:00,2015-11-01 01:00:00,"",NA,NA,0.0895,1434,"#REF!",63,"",5.6,0.2,30.3,NA,2.7,0.1,1.5,"",0.13,0,0.05,NA,0,0,2.01,"",0.18,0.01,1.4,NA,0.13,0,1.7,"",0.15,0.01,3.5,0.31,0.01,2,0.18,0.01
NA,NA,"1600235","ESW2-46",2229,"100%",NA,"",0,0,0,0,129,2015-11-17 17:02:00,2015-11-19 14:00:00,"",NA,NA,0.0555,2229,"#REF!",83,"",11.6,0.4,118,NA,16.4,0.6,10.2,"",1.42,0.05,0.49,NA,0.07,0,7.95,"",1.11,0.04,0.79,NA,0.11,0,1.4,"",0.19,0.01,18.2,2.53,0.09,7.5,1.04,0.04
NA,NA,"","ESW2-47",31337,"100%",NA,"",0,0,0,0,130,2015-11-26 14:27:00,2015-11-28 03:45:00,"",NA,NA,1,31337,"#REF!",110,"",215.2,7.9,109,NA,213.2,7.9,15.1,"",29.54,1.09,4.9,NA,9.51,0.35,12.5,"",24.45,0.9,1.6,NA,3.13,0.12,2.2,"",4.3,0.16,27.6,53.99,1.99,7.6,14.95,0.55
NA,NA,"","ESW2-48",26317,"86%",NA,"",0,0,0,0,131,2015-11-30 23:00:00,2015-12-04 02:00:00,"",NA,NA,0.61,30620,"#REF!",230,"",439.7,16.2,80.5,NA,153.9,5.7,12.8,"",24.47,0.9,3.6,NA,6.79,0.25,8.77,"",16.76,0.62,1.4,NA,2.68,0.1,2,"",3.82,0.14,21.6,41.23,1.52,5.2,9.98,0.37
NA,NA,"","",NA,"",NA,"",0,1,0,0,132,2015-12-04 10:30:00,2015-12-05 04:00:00,"",NA,NA,0.03,674,"#REF!",230,"",9.7,0.4,80.5,NA,3.4,0.1,12.8,"",0.54,0.02,3.6,NA,0.15,0.01,8.77,"",0.37,0.01,1.4,NA,0.06,0,2,"",0.08,0,21.6,0.91,0.03,5.2,0.22,0.01
NA,NA,"","",NA,"",NA,"",0,1,0,0,133,2015-12-05 09:45:00,2015-12-06 06:00:00,"",NA,NA,0.01,458,"#REF!",230,"",6.6,0.2,80.5,NA,2.3,0.1,12.8,"",0.37,0.01,3.6,NA,0.1,0,8.77,"",0.25,0.01,1.4,NA,0.04,0,2,"",0.06,0,21.6,0.62,0.02,5.2,0.15,0.01
NA,NA,"","",NA,"",NA,"",0,1,0,0,134,2015-12-10 18:45:00,2015-12-11 09:30:00,"",NA,NA,0.03,475,"#REF!",985,"",29.2,1.1,47.9,NA,1.4,0.1,11.1,"",0.33,0.01,1.6,NA,0.05,0,10.4,"",0.31,0.01,1.3,NA,0.04,0,3.8,"",0.11,0,21.5,0.64,0.02,8.8,0.26,0.01
NA,NA,"","ESW2-49a",27199,"100%",NA,"",0,0,0,0,135,2015-12-13 04:40:00,2015-12-13 13:05:00,"",NA,NA,1.64,27199,"#REF!",985,"",1672.5,61.7,47.9,NA,81.3,3,11.1,"",18.85,0.7,1.6,NA,2.75,0.1,10.4,"",17.66,0.65,1.3,NA,2.21,0.08,3.8,"",6.45,0.24,21.5,36.51,1.35,8.8,14.91,0.55
NA,NA,"","ESW2-49b",204621,"100%",NA,"",0,0,0,0,136,2015-12-13 13:05:00,2015-12-15 12:00:00,"",NA,NA,5.5,204621,"#REF!",1010,"",12901.9,476.1,31.3,NA,399.8,14.8,8.9,"",113.69,4.2,1.4,NA,18.14,0.67,9.31,"",118.93,4.39,1.3,NA,16.61,0.61,3.6,"",45.99,1.7,18.2,232.62,8.58,7.9,100.79,3.72
NA,NA,"","ESW2-49c-1030",NA,"",NA,"",1,0,0,0,137,2015-12-15 12:00:00,2015-12-16 05:44:00,"",NA,NA,0.09,4260,"#REF!",18,"",4.8,0.2,35.6,NA,9.5,0.3,8.2,"",2.18,0.08,0.7,NA,0.19,0.01,3.72,"",0.99,0.04,0.7,NA,0.18,0.01,0.98,"",0.26,0.01,11.9,3.17,0.12,3,0.8,0.03
NA,NA,"","ESW2-49d",12450,"97%",NA,"",0,0,0,0,138,2015-12-16 05:44:00,2015-12-17 13:45:00,"",NA,NA,0.48,12830,"#REF!",176,"",141,5.2,49,NA,39.2,1.4,8.1,"",6.49,0.24,1.5,NA,1.16,0.04,5.07,"",4.06,0.15,1.1,NA,0.88,0.03,1.6,"",1.28,0.05,13.2,10.55,0.39,3.6,2.9,0.11
NA,NA,"","ESW2-50",22766,"90%",NA,"",0,0,0,0,139,2015-12-23 05:45:00,2015-12-25 08:30:00,"",NA,NA,0.93,25393,"#REF!",340,"",539,19.9,59.7,NA,94.6,3.5,9.5,"",15.06,0.56,2.7,NA,4.34,0.16,6.5,"",10.3,0.38,1.3,NA,2.06,0.08,2,"",3.17,0.12,16,25.36,0.94,3.8,5.96,0.22
NA,NA,"","ESW2-51a",7223,"100%",NA,"",0,0,0,1,140,2016-02-19 16:30:00,2016-02-20 09:19:00,"",NA,NA,0.17,7223,"#REF!",40,"",18,0.7,11.6,NA,5.2,0.2,1.9,"",0.86,0.03,0.7,NA,0.31,0.01,2.75,"",1.24,0.05,0.4,NA,0.16,0.01,0.64,"",0.29,0.01,4.7,2.1,0.08,2.1,0.93,0.03
NA,NA,"","ESW2-51b",76723,"100%",NA,"",0,0,0,1,141,2016-02-20 09:19:00,2016-02-21 10:52:00,"",NA,NA,3.72,76723,"#REF!",66,"",316.1,11.7,5.2,NA,24.9,0.9,0.9,"",4.31,0.16,0.7,NA,3.21,0.12,1.97,"",9.44,0.35,0.6,NA,3.1,0.11,1,"",4.79,0.18,2.9,13.75,0.51,1.3,6.23,0.23
NA,NA,"","ESW2-51c",9634,"100%",NA,"",0,0,0,1,142,2016-02-21 10:52:00,2016-02-22 09:00:00,"",NA,NA,0.32,9634,"#REF!",17,"",10.2,0.4,9.6,NA,5.8,0.2,1.7,"",1.02,0.04,0.8,NA,0.49,0.02,2.2,"",1.32,0.05,1,NA,0.58,0.02,1.2,"",0.72,0.03,3.9,2.35,0.09,1.4,0.83,0.03
NA,NA,"","",NA,"",NA,"",0,1,0,1,143,2016-02-24 13:00:00,2016-02-25 03:15:00,"",NA,NA,0.23,5279,"#REF!",17,"",5.6,0.2,9.6,NA,3.2,0.1,1.7,"",0.56,0.02,0.8,NA,0.27,0.01,2.2,"",0.73,0.03,1,NA,0.32,0.01,1.2,"",0.4,0.01,3.9,1.29,0.05,1.4,0.45,0.02
NA,NA,"","",NA,"",NA,"",0,1,0,1,144,2016-02-26 14:45:00,2016-02-26 16:45:00,"",NA,NA,0.02,69,"#REF!",17,"",0.1,0,9.6,NA,0,0,1.7,"",0.01,0,0.8,NA,0,0,2.2,"",0.01,0,1,NA,0,0,1.2,"",0.01,0,3.9,0.02,0,1.4,0.01,0
NA,NA,"","ESW2-52a",NA,"",NA,"",0,1,0,1,145,2016-02-27 12:00:00,2016-02-28 08:15:00,"",NA,NA,1.86,32391,"#REF!",126,"",254.8,9.4,15.4,NA,31.1,1.1,2.5,"",5.06,0.19,1,NA,2.04,0.08,3.08,"",6.23,0.23,0.8,NA,1.59,0.06,1.1,"",2.22,0.08,5.6,11.28,0.42,2.1,4.19,0.15
NA,NA,"","ESW2-52b",13928,"100%",NA,"",0,0,0,1,146,2016-02-28 08:15:00,2016-02-29 03:30:00,"",NA,NA,0.69,13928,"#REF!",126,"",109.6,4,15.4,NA,13.4,0.5,2.5,"",2.17,0.08,1,NA,0.88,0.03,3.08,"",2.68,0.1,0.8,NA,0.68,0.03,1.1,"",0.96,0.04,5.6,4.85,0.18,2.1,1.8,0.07
NA,NA,"","ESW2-53a",4562,"100%",NA,"",0,0,0,1,147,2016-03-06 14:45:00,2016-03-06 20:47:00,"",NA,NA,0.35,4562,"#REF!",105,"",29.9,1.1,14.3,NA,4.1,0.2,2.2,"",0.63,0.02,1,NA,0.28,0.01,3.21,"",0.91,0.03,0.8,NA,0.23,0.01,1.1,"",0.31,0.01,5.4,1.54,0.06,2.2,0.64,0.02
NA,NA,"","ESW2-53b",7828,"100%",NA,"",0,0,0,1,148,2016-03-06 20:47:00,2016-03-07 05:42:00,"",NA,NA,0.42,7828,"#REF!",101,"",49.4,1.8,13.3,NA,6.5,0.2,2.5,"",1.22,0.05,1.3,NA,0.62,0.02,3.7,"",1.81,0.07,1.3,NA,0.64,0.02,1.5,"",0.73,0.03,6.2,3.03,0.11,2.4,1.19,0.04
NA,NA,"","ESW2-53c",25384,"100%",NA,"",0,0,0,0,149,2016-03-07 05:42:00,2016-03-08 05:46:00,"",NA,NA,0.95,25384,"#REF!",367,"",581.6,21.5,19.2,NA,30.4,1.1,4,"",6.34,0.23,1.1,NA,1.74,0.06,4.46,"",7.07,0.26,0.8,NA,1.21,0.04,1.4,"",2.22,0.08,8.5,13.41,0.49,3.4,5.32,0.2
NA,NA,"","ESW2-53d",15612,"100%",NA,"",0,0,0,0,150,2016-03-08 05:46:00,2016-03-09 02:22:00,"",NA,NA,0.28,15612,"#REF!",154,"",150.1,5.5,39.3,NA,38.3,1.4,7.5,"",7.31,0.27,1.9,NA,1.81,0.07,5.7,"",5.56,0.21,1,NA,0.96,0.04,1.3,"",1.27,0.05,13.2,12.87,0.47,3.8,3.74,0.14
NA,NA,"","ESW2-53e",24356,"97%",NA,"",0,0,0,0,151,2016-03-09 02:22:00,2016-03-11 01:30:00,"",NA,NA,1.29,25151,"#REF!",395,"",620.2,22.9,50.7,NA,79.6,2.9,9.2,"",14.45,0.53,3.2,NA,5.02,0.19,8.18,"",12.84,0.47,1.4,NA,2.2,0.08,2.2,"",3.45,0.13,17.4,27.29,1.01,5,7.82,0.29
NA,NA,"","",NA,"",NA,"",0,1,0,0,152,2016-03-11 09:00:00,2016-03-12 12:30:00,"",NA,NA,0.06,1305,"#REF!",126,"",10.3,0.4,75.1,NA,6.1,0.2,4.8,"",0.39,0.01,3.9,NA,0.31,0.01,9.68,"",0.79,0.03,1.7,NA,0.14,0.01,2.2,"",0.18,0.01,14.5,1.18,0.04,5.8,0.47,0.02
NA,NA,"","ESW2-54",15820,"100%",NA,"",0,0,0,0,153,2016-03-13 17:30:00,2016-03-15 12:30:00,"",NA,NA,0.53,15820,"#REF!",126,"",124.4,4.6,75.1,NA,74.2,2.7,4.8,"",4.74,0.17,3.9,NA,3.81,0.14,9.68,"",9.56,0.35,1.7,NA,1.68,0.06,2.2,"",2.17,0.08,14.5,14.3,0.53,5.8,5.75,0.21
NA,NA,"","ESW2-55",102894,"100%",NA,"",0,0,0,0,154,2016-03-15 16:45:00,2016-03-17 11:45:00,"",NA,NA,8.86,102894,"#REF!",3070,"",19720.1,727.7,35.1,NA,225.5,8.3,4,"",25.69,0.95,1.4,NA,8.67,0.32,14.3,"",91.86,3.39,1,NA,6.42,0.24,7,"",44.96,1.66,18.3,117.55,4.34,13,83.18,3.07
NA,NA,"","ESW2-56a",30084,"100%",NA,"",0,0,0,0,155,2016-03-26 12:30:00,2016-03-27 06:48:00,"",NA,NA,1.47,30084,"#REF!",352,"",661.1,24.4,32.3,NA,60.7,2.2,4.3,"",8.08,0.3,0.9,NA,1.67,0.06,3.78,"",7.1,0.26,0.7,NA,1.32,0.05,0.75,"",1.41,0.05,8.1,15.18,0.56,2.9,5.43,0.2
NA,NA,"","ESW2-56b",20477,"100%",NA,"",0,0,0,0,156,2016-03-27 06:48:00,2016-03-28 13:00:00,"",NA,NA,1.26,20477,"#REF!",180,"",230.1,8.5,50.5,NA,64.6,2.4,7.3,"",9.33,0.34,1.4,NA,1.83,0.07,5.05,"",6.46,0.24,1.1,NA,1.41,0.05,1.2,"",1.53,0.06,12.4,15.79,0.58,3.6,4.63,0.17
NA,NA,"","ESW2-57a",48280,"100%",NA,"",0,0,0,0,157,2016-03-31 00:17:00,2016-03-31 11:48:00,"",NA,NA,4.85,48280,"#REF!",2090,"",6299.4,232.4,29.7,NA,89.5,3.3,3.7,"",11.15,0.41,0.7,NA,1.96,0.07,9.05,"",27.28,1.01,0.8,NA,2.44,0.09,4,"",12.06,0.44,12.8,38.43,1.42,8.4,25.32,0.93
NA,NA,"","ESW2-57b",27302,"100%",NA,"",0,0,0,0,158,2016-03-31 11:48:00,2016-04-01 06:45:00,"",NA,NA,2.48,27302,"#REF!",931,"",1586.8,58.6,32.8,NA,55.9,2.1,4.4,"",7.5,0.28,0.8,NA,1.33,0.05,5.42,"",9.24,0.34,0.8,NA,1.42,0.05,2.3,"",3.92,0.14,9.8,16.74,0.62,4.6,7.91,0.29
NA,NA,"","",NA,"",NA,"",0,1,0,0,159,2016-04-01 08:15:00,2016-04-01 13:45:00,"",NA,NA,0.05,415,"#REF!",931,"",24.1,0.9,32.8,NA,0.8,0,4.4,"",0.11,0,0.8,NA,0.02,0,5.42,"",0.14,0.01,0.8,NA,0.02,0,2.3,"",0.06,0,9.8,0.25,0.01,4.6,0.12,0
NA,NA,"","",NA,"",NA,"",0,1,0,0,160,2016-04-01 14:30:00,2016-04-01 17:45:00,"",NA,NA,0.02,78,"#REF!",931,"",4.5,0.2,32.8,NA,0.2,0,4.4,"",0.02,0,0.8,NA,0,0,5.42,"",0.03,0,0.8,NA,0,0,2.3,"",0.01,0,9.8,0.05,0,4.6,0.02,0
NA,NA,"","",NA,"",NA,"",0,1,0,0,161,2016-04-06 06:01:00,2016-04-07 11:30:00,"",NA,NA,0.17,3413,"#REF!",931,"",198.4,7.3,32.8,NA,7,0.3,4.4,"",0.94,0.03,0.8,NA,0.17,0.01,5.42,"",1.15,0.04,0.8,NA,0.18,0.01,2.3,"",0.49,0.02,9.8,2.09,0.08,4.6,0.99,0.04
NA,NA,"","",NA,"",NA,"",0,1,0,0,162,2016-04-08 11:22:00,2016-04-08 20:15:00,"",NA,NA,0.33,3456,"#REF!",931,"",200.9,7.4,32.8,NA,7.1,0.3,4.4,"",0.95,0.04,0.8,NA,0.17,0.01,5.42,"",1.17,0.04,0.8,NA,0.18,0.01,2.3,"",0.5,0.02,9.8,2.12,0.08,4.6,1,0.04
NA,NA,"","",NA,"",NA,"",0,1,0,0,163,2016-04-09 12:17:00,2016-04-09 20:30:00,"",NA,NA,0.11,1261,"#REF!",931,"",73.3,2.7,32.8,NA,2.6,0.1,4.4,"",0.35,0.01,0.8,NA,0.06,0,5.42,"",0.43,0.02,0.8,NA,0.07,0,2.3,"",0.18,0.01,9.8,0.77,0.03,4.6,0.37,0.01
NA,NA,"","",NA,"",NA,"",0,1,0,0,164,2016-05-12 03:35:00,2016-05-12 04:24:00,"",NA,NA,0.02,26,"#REF!",3260,"",5.3,0.2,7.5,NA,0,0,20,"",0.03,0,2.02,NA,0,0,17,"",0.03,0,0.37,NA,0,0,5,"",0.01,0,36.6,0.06,0,15.1,0.02,0
NA,NA,"","ESW2-58",674,"100%",NA,"",0,0,0,0,165,2016-06-10 21:00:00,2016-06-10 23:00:00,"",NA,NA,0.41,674,"#REF!",3260,"",137.2,5.1,7.5,NA,0.3,0,19.5,"",0.82,0.03,2,NA,0.08,0,17.1,"",0.72,0.03,0.4,NA,0.02,0,5,"",0.21,0.01,36.6,1.54,0.06,15.1,0.63,0.02
NA,NA,"","",NA,"",NA,"",0,1,0,0,166,2016-06-15 03:45:00,2016-06-15 06:00:00,"",NA,NA,0.02,69,"#REF!",329,"",1.4,0.1,24,NA,0.1,0,3.4,"",0.01,0,0.2,NA,0,0,3.59,"",0.02,0,0.51,NA,0,0,1.1,"",0,0,7,0.03,0,3.4,0.01,0
NA,NA,"","ESW2-59",29350,"100%",NA,"",0,0,0,0,167,2016-06-15 18:54:00,2016-06-16 07:45:00,"",NA,NA,14.12,29350,"#REF!",5070,"",9289.6,342.8,14.1,NA,25.8,1,11.1,"",20.34,0.75,0.5,NA,0.84,0.03,18.3,"",33.53,1.24,0.3,NA,0.59,0.02,7.2,"",13.19,0.49,29.4,53.87,1.99,17.8,32.69,1.21
NA,NA,"","ESW2-60",5365,"100%",NA,"",0,0,0,0,168,2016-06-26 03:57:00,2016-06-26 10:00:00,"",NA,NA,1.41,5365,"#REF!",583,"",195.3,7.2,15.7,NA,5.3,0.2,3.6,"",1.21,0.04,0.1,NA,0.05,0,3.28,"",1.1,0.04,0.4,NA,0.14,0.01,1.2,"",0.4,0.01,6.9,2.3,0.09,3.1,1.05,0.04
NA,NA,"","ESW2-61",4251,"100%",NA,"",0,0,0,0,169,2016-06-30 16:20:00,2016-07-01 00:30:00,"",NA,NA,0.72,4251,"#REF!",329,"",87.3,3.2,24.3,NA,6.4,0.2,3.4,"",0.9,0.03,0.2,NA,0.05,0,3.59,"",0.95,0.04,0.5,NA,0.13,0,1.1,"",0.29,0.01,7,1.85,0.07,3.4,0.9,0.03
NA,NA,"","ESW2-1249",NA,"",NA,"",1,0,0,0,170,2016-09-06 16:18:00,2016-09-06 16:45:00,"",NA,NA,0.26,156,"#REF!",1050,"",10.2,0.4,0.6,NA,0,0,0.1,"<",0,0,0.1,NA,0,0,4.79,"",0.05,0,0.4,NA,0,0,1.7,"",0.02,0,4.8,0.05,0,4.7,0.05,0
NA,NA,"","ESW2-63",2341,"100%",NA,"",0,0,0,0,171,2016-09-06 19:08:00,2016-09-07 15:15:00,"",NA,NA,0.25,2341,"#REF!",84,"",12.3,0.5,33.1,NA,4.8,0.2,1,"",0.15,0.01,0.1,NA,0.01,0,2.76,"",0.4,0.01,0.8,NA,0.11,0,1,"",0.15,0.01,3.8,0.55,0.02,2.7,0.39,0.01
NA,NA,"","ESW2-64",4415,"100%",NA,"",0,0,0,0,172,2016-09-10 04:49:00,2016-09-10 20:45:00,"",NA,NA,0.46,4415,"#REF!",69,"",19,0.7,25.9,NA,7.1,0.3,0.1,"<",0.01,0,0.1,NA,0.01,0,2.36,"",0.65,0.02,0.6,NA,0.17,0.01,0.85,"",0.23,0.01,2.4,0.66,0.02,2.3,0.64,0.02
NA,NA,"","ESW2-1290",NA,"",NA,"",1,0,0,0,173,2016-09-13 04:13:00,2016-09-13 04:20:00,"",NA,NA,0.97,147,"#REF!",1680,"",15.4,0.6,1.1,NA,0,0,0.1,"<",0,0,0.1,NA,0,0,6.15,"",0.06,0,0.3,NA,0,0,2.4,"",0.02,0,6.2,0.06,0,6,0.06,0
NA,NA,"","ESW2-1291",NA,"",NA,"",1,0,0,0,174,2016-09-13 04:20:00,2016-09-13 04:26:00,"",NA,NA,1.74,484,"#REF!",1510,"",45.6,1.7,0.5,NA,0,0,0.1,"<",0,0,0.1,NA,0,0,4.8,"",0.14,0.01,0.3,NA,0.01,0,2.2,"",0.07,0,4.9,0.15,0.01,4.7,0.14,0.01
NA,NA,"","ESW2-1292",NA,"",NA,"",1,0,0,0,175,2016-09-13 04:26:00,2016-09-13 06:21:00,"",NA,NA,7.53,20494,"#REF!",1500,"",1919.1,70.8,5.9,NA,7.5,0.3,0.3,"",0.38,0.01,0,NA,0.05,0,4.62,"",5.91,0.22,0.5,NA,0.59,0.02,2,"",2.56,0.09,4.9,6.29,0.23,4.6,5.86,0.22
NA,NA,"","ESW2-1293",NA,"",NA,"",1,0,0,0,176,2016-09-13 06:21:00,2016-09-13 09:12:00,"",NA,NA,0.82,2506,"#REF!",83,"",13,0.5,33.4,NA,5.2,0.2,3.3,"",0.52,0.02,0,NA,0.01,0,2.9,"",0.45,0.02,0.6,NA,0.1,0,0.84,"",0.13,0,6.2,0.97,0.04,2.9,0.45,0.02
NA,NA,"","ESW2-1297",NA,"",NA,"",1,0,0,0,177,2016-09-13 09:12:00,2016-09-13 22:30:00,"",NA,NA,0.09,1028,"#REF!",19,"",1.2,0,43.3,NA,2.8,0.1,3.4,"",0.22,0.01,0.1,NA,0,0,2.97,"",0.19,0.01,0.6,NA,0.04,0,0.75,"",0.05,0,6.4,0.41,0.02,2.9,0.19,0.01
NA,NA,"","",NA,"",NA,"",0,1,0,0,178,2016-09-16 15:00:00,2016-09-16 17:30:00,"",NA,NA,0.07,216,"#REF!",19,"",0.3,0,43,NA,0.6,0,3,"",0.05,0,0.06,NA,0,0,2.97,"",0.04,0,0.62,NA,0.01,0,0.75,"",0.01,0,6.4,0.09,0,2.9,0.04,0
NA,NA,"","ESW2-66a",34845,"100%",NA,"",0,0,0,0,179,2016-09-21 22:32:00,2016-09-22 03:30:00,"",NA,NA,4.72,34845.12,"#REF!",542,"",1179,43.5,17.3,NA,37.6,1.4,2.3,"",5,0.18,0.04,NA,0.09,0,4.44,"",9.66,0.36,0.66,NA,1.44,0.05,2,"",4.35,0.16,6.7,14.66,0.54,4.4,9.57,0.35
NA,NA,"","ESW2-66b",NA,"",NA,"",0,1,0,0,180,2016-09-22 03:30:00,2016-09-22 07:27:00,"",NA,NA,1.12,8882,"#REF!",75,"",41.6,1.5,35,NA,19.6,0.7,4,"",2.44,0.09,0.05,NA,0.03,0,3.1,"",1.72,0.06,0.72,NA,0.4,0.01,0.99,"",0.55,0.02,7.5,4.16,0.15,3.1,1.69,0.06
NA,NA,"","ESW2-66c",7828,"100%",NA,"",0,0,0,0,181,2016-09-22 07:27:00,2016-09-23 06:45:00,"",NA,NA,0.61,7827.84,"#REF!",75,"",36.7,1.4,35.4,NA,17.3,0.6,4.4,"",2.15,0.08,0.1,NA,0.02,0,3.1,"",1.51,0.06,0.7,NA,0.35,0.01,0.99,"",0.48,0.02,7.5,3.67,0.14,3.1,1.49,0.05
NA,NA,"","ESW2-67",3905,"100%",NA,"",0,0,0,0,182,2016-09-25 16:40:00,2016-09-26 01:30:00,"",NA,NA,1.18,3905.28,"#REF!",726,"",177,6.5,31.5,NA,7.7,0.3,0.1,"<",0.01,0,0.1,NA,0.02,0,5.59,"",1.36,0.05,0.9,NA,0.23,0.01,2.5,"",0.61,0.02,5.6,1.38,0.05,5.5,1.34,0.05
NA,NA,"","",NA,"0%",NA,"",0,1,0,0,183,2016-10-12 17:07:00,2016-10-12 20:00:00,"",NA,NA,0.03,113,"#REF!",889,"",6.3,0.2,53.7,NA,0.4,0,3.6,"",0.03,0,0.1,NA,0,0,5.91,"",0.04,0,0.53,NA,0,0,2.27,"",0.02,0,9.5,0.07,0,5.8,0.04,0
NA,NA,"1700090","ESW2-68",22297,"100%",24,"",0,0,0,0,184,2016-10-26 06:52:00,2016-10-27 06:45:00,"",NA,NA,0.61,22297,"#REF!",889,"",1237.5,45.7,53.7,NA,74.7,2.8,3.6,"",5.01,0.18,0.1,NA,0.14,0.01,5.91,"",8.23,0.3,0.53,NA,0.74,0.03,2.27,"",3.16,0.12,9.5,13.24,0.49,5.8,8.09,0.3
NA,NA,"1700091","ESW2-1358",2011,"100%",1,"",1,0,0,0,185,2016-10-27 06:45:00,2016-10-29 07:45:00,"",NA,NA,0.06,2011,"#REF!",242,"",30.4,1.1,60.2,NA,7.6,0.3,4.4,"",0.55,0.02,0.13,NA,0.02,0,3.84,"",0.48,0.02,0.56,NA,0.07,0,1.33,"",0.17,0.01,8.2,1.03,0.04,3.7,0.47,0.02
NA,NA,"1700763","ESW2-69",1977,"100%",8,"",0,0,0,0,186,2016-11-28 00:57:00,2016-11-28 14:12:00,"",NA,NA,0.1,1977,"#REF!",234,"",28.9,1.1,236,NA,29.1,1.1,6.3,"",0.78,0.03,10.3,NA,1.27,0.05,39.5,"",4.88,0.18,2.59,NA,0.32,0.01,5.81,"",0.72,0.03,45.8,5.65,0.21,29.2,3.6,0.13
NA,NA,"1700764","ESW2-70",32472,"100%",17,"",0,0,0,0,187,2016-11-28 14:12:00,2016-11-30 02:55:00,"",NA,NA,1.29,32472,"#REF!",254,"",514.9,19,163,NA,330.4,12.2,15.7,"",31.83,1.17,6.66,NA,13.5,0.5,22.9,"",46.42,1.71,2.64,NA,5.35,0.2,4.49,"",9.1,0.34,38.6,78.25,2.89,16.2,32.92,1.21
NA,NA,"","",NA,"0%",NA,"",0,1,0,0,188,2016-11-30 02:55:00,2016-12-02 14:00:00,"",NA,NA,0.05,3976,"#REF!",254,"",63,2.3,163,NA,40.5,1.5,15.7,"",3.9,0.14,6.66,NA,1.65,0.06,22.9,"",5.68,0.21,2.64,NA,0.66,0.02,4.49,"",1.11,0.04,38.6,9.58,0.35,16.2,4.03,0.15
NA,NA,"","",NA,"0%",NA,"",0,1,0,0,189,2016-12-05 14:15:00,2016-12-07 02:30:00,"",NA,NA,0.06,2450,"#REF!",23,"",3.5,0.1,40.9,NA,6.3,0.2,3.4,"",0.52,0.02,1.75,NA,0.27,0.01,5.38,"",0.82,0.03,0.54,NA,0.08,0,0.911,"",0.14,0.01,8.8,1.34,0.05,3.6,0.56,0.02
NA,NA,"1700765","ESW2-1391",5328,"100%",1,"",1,0,0,0,190,2016-12-26 08:45:00,2016-12-27 06:45:00,"",NA,NA,0.16,5328,"#REF!",23,"",7.7,0.3,40.9,NA,13.6,0.5,3.4,"",1.13,0.04,1.75,NA,0.58,0.02,5.38,"",1.79,0.07,0.54,NA,0.18,0.01,0.911,"",0.3,0.01,8.8,2.92,0.11,3.6,1.21,0.04
NA,NA,"","",NA,"0%",NA,"",0,1,0,1,191,2017-01-10 14:15:00,2017-01-10 19:15:00,"",NA,NA,0.07,629,"#REF!",23,"",0.9,0,40.9,NA,1.6,0.1,3.4,"",0.13,0,1.75,NA,0.07,0,5.38,"",0.21,0.01,0.54,NA,0.02,0,0.911,"",0.04,0,8.8,0.34,0.01,3.6,0.14,0.01
NA,NA,"","",NA,"0%",NA,"",0,1,0,1,192,2017-01-16 18:27:00,2017-01-18 09:14:00,"",NA,NA,0.19,14890,"#REF!",20,"",18.6,0.7,5.2,NA,4.8,0.2,1,"",0.93,0.03,0.44,NA,0.41,0.02,1.58,"",1.47,0.05,0.58,NA,0.54,0.02,0.66,"",0.61,0.02,2.6,2.4,0.09,1.1,1.06,0.04
NA,NA,"1700766","ESW2-71b",6830,"100%",7,"",0,0,0,1,193,2017-01-18 09:14:00,2017-01-19 09:45:00,"",NA,NA,0.22,6830,"#REF!",20,"",8.5,0.3,5.2,NA,2.2,0.1,1,"",0.43,0.02,0.44,NA,0.19,0.01,1.58,"",0.67,0.02,0.58,NA,0.25,0.01,0.66,"",0.28,0.01,2.6,1.1,0.04,1.1,0.49,0.02
NA,NA,"1700767","ESW2-1402",3067,"100%",1,"",1,0,0,1,194,2017-01-19 09:45:00,2017-01-20 02:30:00,"",NA,NA,0.13,3067,"#REF!",24,"",4.6,0.2,7.4,NA,1.4,0.1,1.6,"",0.31,0.01,0.46,NA,0.09,0,1.91,"",0.37,0.01,0.56,NA,0.11,0,0.687,"",0.13,0,3.5,0.67,0.02,1.5,0.28,0.01
NA,NA,"1700768","ESW2-1422grab",93876,"100%",1,"",1,0,0,1,195,2017-01-20 02:30:00,2017-01-23 08:41:00,"",NA,NA,1.03,93876,"#REF!",58,"",339.9,12.5,23.5,NA,137.7,5.1,3.1,"",18.17,0.67,0.93,NA,5.45,0.2,3.9,"",22.86,0.84,0.87,NA,5.11,0.19,1.09,"",6.39,0.24,7,41.02,1.51,3,17.41,0.64
NA,NA,"1700769","ESW2-71e",14584,"100%",3,"",0,0,0,1,196,2017-01-23 08:41:00,2017-01-24 07:00:00,"",NA,NA,0.68,14584,"#REF!",61,"",55.5,2,25.8,NA,23.5,0.9,2.9,"",2.64,0.1,1.06,NA,0.97,0.04,4.33,"",3.94,0.15,0.97,NA,0.88,0.03,1.19,"",1.08,0.04,7.2,6.58,0.24,3.3,2.98,0.11
NA,NA,"1700770","ESW2-71f",13426,"100%",3,"",0,0,0,1,197,2017-01-24 07:00:00,2017-01-25 06:00:00,"",NA,NA,0.62,13426,"#REF!",65,"",54.5,2,34.4,NA,28.8,1.1,2.7,"",2.26,0.08,1.58,NA,1.32,0.05,5.73,"",4.8,0.18,1.17,NA,0.98,0.04,1.4,"",1.17,0.04,8.4,7.07,0.26,4.2,3.48,0.13
NA,NA,"","",NA,"0%",NA,"",0,1,0,1,198,2017-01-25 12:27:00,2017-01-25 22:15:00,"",NA,NA,1.25,10740,"#REF!",65,"",43.6,1.6,34.4,NA,23.1,0.9,2.7,"",1.81,0.07,1.58,NA,1.06,0.04,5.73,"",3.84,0.14,1.17,NA,0.78,0.03,1.4,"",0.94,0.03,8.4,5.65,0.21,4.2,2.78,0.1
NA,NA,"","",NA,"0%",NA,"",0,1,0,1,199,2017-01-26 10:15:00,2017-01-26 19:15:00,"",NA,NA,0.28,4284,"#REF!",65,"",17.4,0.6,34.4,NA,9.2,0.3,2.7,"",0.72,0.03,1.58,NA,0.42,0.02,5.73,"",1.53,0.06,1.17,NA,0.31,0.01,1.4,"",0.37,0.01,8.4,2.25,0.08,4.2,1.11,0.04
NA,NA,"1701013","ESW2-72",9017,"100%",2,"",0,0,0,1,200,2017-02-12 10:45:00,2017-02-12 16:53:00,"",NA,NA,0.77,9017,"#REF!",297,"",167.2,6.2,14.3,NA,8,0.3,1.5,"",0.84,0.03,1.14,NA,0.64,0.02,3.82,"",2.15,0.08,0.62,NA,0.35,0.01,1.22,"",0.69,0.03,5.3,2.99,0.11,2.7,1.51,0.06
NA,NA,"","",NA,"0%",NA,"",0,1,0,1,201,2017-02-13 12:45:00,2017-02-13 18:45:00,"",NA,NA,0.13,1569,"#REF!",297,"",29.1,1.1,14.3,NA,1.4,0.1,1.5,"",0.15,0.01,1.14,NA,0.11,0,3.82,"",0.37,0.01,0.62,NA,0.06,0,1.22,"",0.12,0,5.3,0.52,0.02,2.7,0.26,0.01
NA,NA,"","",NA,"0%",NA,"",0,1,0,1,202,2017-02-14 12:00:00,2017-02-14 19:00:00,"",NA,NA,0.38,3795,"#REF!",119,"",28.2,1,23.2,NA,5.5,0.2,0.1,"<",0.01,0,3.79,NA,0.9,0.03,6.92,"",1.64,0.06,1.84,NA,0.44,0.02,2.33,"",0.55,0.02,7,1.65,0.06,3.1,0.74,0.03
NA,NA,"1701014","ESW2-73",4612,"100%",2,"",0,0,0,1,203,2017-02-17 11:45:00,2017-02-17 20:00:00,"",NA,NA,0.37,4612,"#REF!",119,"",34.3,1.3,23.3,NA,6.7,0.2,0.1,"<",0.01,0,3.79,NA,1.09,0.04,6.92,"",1.99,0.07,1.84,NA,0.53,0.02,2.33,"",0.67,0.02,7,2.01,0.07,3.1,0.9,0.03
NA,NA,"1701015","ESW2-74",7903,"100%",5,"",0,0,0,1,204,2017-02-18 07:45:00,2017-02-18 20:45:00,"",NA,NA,0.44,7903,"#REF!",174,"",85.8,3.2,36.4,NA,18,0.7,0.1,"<",0.02,0,3.9,NA,1.92,0.07,7.46,"",3.68,0.14,1.09,NA,0.54,0.02,1.74,"",0.86,0.03,7.5,3.71,0.14,3.6,1.76,0.06
NA,NA,"1701016","ESW2-75",6706,"100%",5,"",0,0,0,1,205,2017-02-19 08:00:00,2017-02-19 23:45:00,"",NA,NA,0.27,6706,"#REF!",41,"",17.2,0.6,49.3,NA,20.6,0.8,0.1,"",0.04,0,2.66,NA,1.11,0.04,5.87,"",2.46,0.09,0.51,NA,0.21,0.01,0.893,"",0.37,0.01,6,2.5,0.09,3.2,1.34,0.05
NA,NA,"1701017","ESW2-76a",3043,"100%",4,"",0,0,0,1,206,2017-02-20 06:30:00,2017-02-20 18:04:00,"",NA,NA,0.17,3043,"#REF!",20,"",3.8,0.1,56.6,NA,10.8,0.4,0.1,"",0.02,0,1.74,NA,0.33,0.01,5.26,"",1,0.04,0.36,NA,0.07,0,0.733,"",0.14,0.01,5.4,1.02,0.04,3.5,0.67,0.02
NA,NA,"1701018","ESW2-76b",31467,"100%",12,"",0,0,0,1,207,2017-02-20 18:04:00,2017-02-21 23:55:00,"",NA,NA,0.9,31467,"#REF!",205,"",402.7,14.9,68.2,NA,134,4.9,0.1,"<",0.1,0,3.05,NA,5.99,0.22,7.97,"",15.66,0.58,0.6,NA,1.18,0.04,1.41,"",2.77,0.1,8,15.75,0.58,4.9,9.67,0.36
NA,NA,"1701019","ESW2-1468",7587,"100%",1,"",1,0,0,0,208,2017-02-21 23:55:00,2017-02-24 02:15:00,"",NA,NA,0.11,7587,"#REF!",9,"",4.3,0.2,90.3,NA,42.8,1.6,0.1,"<",0.02,0,3.61,NA,1.71,0.06,8.55,"",4.05,0.15,0.61,NA,0.29,0.01,1.4,"",0.66,0.02,8.6,4.07,0.15,4.9,2.34,0.09
NA,NA,"","",NA,"0%",NA,"",0,1,0,0,209,2017-02-27 12:45:00,2017-02-28 03:15:00,"",NA,NA,0.03,642,"#REF!",170,"",6.8,0.3,62.1,NA,2.5,0.1,1.4,"",0.06,0,3,NA,0.12,0,6.16,"",0.25,0.01,0.77,NA,0.03,0,1.28,"",0.05,0,7.6,0.3,0.01,3.2,0.13,0
NA,NA,"1701225","ESW2-77a",42288,"100%",12,"",0,0,0,0,210,2017-02-28 03:15:00,2017-02-28 22:07:00,"",NA,NA,1.71,42288,"#REF!",170,"",448.8,16.6,62.1,NA,163.9,6,1.4,"",3.7,0.14,3,NA,7.92,0.29,6.16,"",16.26,0.6,0.77,NA,2.02,0.07,1.28,"",3.38,0.12,7.6,19.96,0.74,3.2,8.34,0.31
NA,NA,"1701226","ESW2-77b",19824,"100%",3,"",0,0,0,0,211,2017-02-28 22:07:00,2017-03-01 10:00:00,"",NA,NA,1.09,19824,"#REF!",182,"",225.2,8.3,63.5,NA,78.6,2.9,1.9,"",2.35,0.09,3.69,NA,4.57,0.17,7.33,"",9.07,0.33,0.89,NA,1.1,0.04,1.41,"",1.75,0.06,9.2,11.42,0.42,3.6,4.5,0.17
NA,NA,"1701209","ESW2-78a",66554,"100%",8,"",0,0,0,0,212,2017-03-05 12:45:00,2017-03-07 00:33:00,"",NA,NA,1.51,66554,"#REF!",134,"",556.8,20.5,50.6,NA,210.2,7.8,1.4,"",5.82,0.21,3.05,NA,12.67,0.47,6.53,"",27.13,1,0.82,NA,3.42,0.13,1.23,"",5.11,0.19,7.9,32.95,1.22,3.5,14.46,0.53
NA,NA,"1701210","ESW2-78b",24290,"100%",9,"",0,0,0,0,213,2017-03-07 00:33:00,2017-03-07 17:15:00,"",NA,NA,2.76,24290,"#REF!",2126,"",3223.8,119,51.4,NA,77.9,2.9,1.5,"",2.27,0.08,3.19,NA,4.84,0.18,14.3,"",21.68,0.8,0.81,NA,1.23,0.05,4.25,"",6.44,0.24,15.8,23.96,0.88,11.1,16.85,0.62
NA,NA,"1701330","ESW2-79a",10037,"100%",14,"",0,0,0,0,214,2017-03-24 16:01:00,2017-03-25 15:23:00,"",NA,NA,0.34,10037,"#REF!",270,"",169.2,6.2,73.8,NA,46.2,1.7,6.6,"",4.14,0.15,1.95,NA,1.22,0.05,8.83,"",5.53,0.2,0.43,NA,0.27,0.01,1.29,"",0.81,0.03,15.4,9.67,0.36,6.9,4.31,0.16
NA,NA,"1701331","ESW2-79b",8442,"100%",8,"",0,0,0,0,215,2017-03-25 15:23:00,2017-03-26 09:49:00,"",NA,NA,0.32,8442,"#REF!",79,"",41.6,1.5,87.6,NA,46.2,1.7,7.4,"",3.9,0.14,3.82,NA,2.01,0.07,8.49,"",4.47,0.17,0.53,NA,0.28,0.01,0.948,"",0.5,0.02,15.9,8.37,0.31,4.7,2.46,0.09
NA,NA,"1701332","ESW2-79c",35806,"100%",6,"",0,0,0,0,216,2017-03-26 09:49:00,2017-03-28 15:30:00,"",NA,NA,1.32,35806,"#REF!",732,"",1636.2,60.4,73.4,NA,164.1,6.1,6.4,"",14.31,0.53,3.22,NA,7.2,0.27,9.98,"",22.31,0.82,0.5,NA,1.12,0.04,1.87,"",4.18,0.15,16.4,36.61,1.35,6.8,15.11,0.56
NA,NA,"1701453","ESW2-80",17828,"100%",15,"",0,0,0,0,217,2017-03-30 01:00:00,2017-03-31 15:30:00,"",NA,NA,0.56,17828,"#REF!",168,"",187,6.9,76,NA,84.6,3.1,2.4,"",2.67,0.1,3.02,NA,3.36,0.12,8.85,"",9.85,0.36,0.63,NA,0.7,0.03,1.23,"",1.37,0.05,11.3,12.52,0.46,5.8,6.49,0.24
NA,NA,"","",NA,"0%",NA,"",0,1,0,0,218,2017-04-03 11:30:00,2017-04-03 19:45:00,"",NA,NA,0.05,571,"#REF!",240,"",8.6,0.3,61.9,NA,2.2,0.1,1.3,"",0.05,0,1.31,NA,0.05,0,6.87,"",0.24,0.01,0.64,NA,0.02,0,1.53,"",0.05,0,8.2,0.29,0.01,5.6,0.2,0.01
NA,NA,"1701454","ESW2-81",23021,"100%",13,"",0,0,0,0,219,2017-04-03 19:45:00,2017-04-04 21:30:00,"",NA,NA,0.84,23021,"#REF!",240,"",344.9,12.7,61.9,NA,89,3.3,1.3,"",1.87,0.07,1.31,NA,1.88,0.07,6.87,"",9.87,0.36,0.64,NA,0.92,0.03,1.53,"",2.2,0.08,8.2,11.74,0.43,5.6,7.99,0.29
NA,NA,"","",NA,"0%",NA,"",0,1,0,0,220,2017-04-15 02:58:00,2017-04-15 05:00:00,"",NA,NA,0.01,25,"#REF!",240,"",0.4,0,61.9,NA,0.1,0,1.3,"",0,0,1.31,NA,0,0,6.87,"",0.01,0,0.64,NA,0,0,1.53,"",0,0,8.2,0.01,0,5.6,0.01,0
NA,NA,"01701512","ESW2-82",1874,"100%",4,"",0,0,0,0,221,2017-04-15 05:18:00,2017-04-15 16:15:00,"",NA,NA,0.29,1874,"#REF!",1451,"",169.8,6.3,37,NA,4.3,0.2,4.7,"",0.55,0.02,0.37,NA,0.04,0,9.27,"",1.08,0.04,0.3,NA,0.04,0,3.23,"",0.38,0.01,14,1.63,0.06,8.9,1.04,0.04
NA,NA,"01701513","ESW2-83",57007,"100%",17,"",0,0,0,0,222,2017-04-15 23:30:00,2017-04-16 14:30:00,"",NA,NA,14.16,57007,"#REF!",6989,"",24872.7,917.8,27.7,NA,98.6,3.6,2,"",7.12,0.26,0.26,NA,0.93,0.03,30.3,"",107.83,3.98,0.38,NA,1.37,0.05,11.5,"",40.93,1.51,32.3,114.95,4.24,30,106.91,3.94
NA,NA,"01701514","ESW2-84a",40621,"103%",14,"",0,0,0,0,223,2017-04-20 01:06:00,2017-04-20 18:45:00,"",NA,NA,5.36,39511,"#REF!",4310,"",10631.1,392.3,23.4,NA,57.7,2.1,1.2,"",2.96,0.11,0.15,NA,0.37,0.01,20.1,"",49.58,1.83,0.35,NA,0.85,0.03,7.69,"",18.97,0.7,21.3,52.54,1.94,20,49.21,1.82
NA,NA,"01701545","ESW2-84b",2834,"123%",3,"",0,0,0,0,224,2017-04-20 18:45:00,2017-04-21 09:00:00,"",NA,NA,0.29,2297,"#REF!",308,"",44.2,1.6,54.5,NA,7.8,0.3,1.4,"",0.2,0.01,0.16,NA,0.02,0,4.68,"",0.67,0.02,0.47,NA,0.07,0,1.22,"",0.17,0.01,6.1,0.87,0.03,4.5,0.65,0.02
NA,NA,"01702077","ESW2-85",15644,"109%",11,"",0,0,0,0,225,2017-04-27 04:31:00,2017-04-28 05:30:00,"",NA,NA,0.93,14361,"#REF!",592,"",530.8,19.6,33.4,NA,29.9,1.1,1.8,"",1.61,0.06,0.17,NA,0.15,0.01,4.92,"",4.41,0.16,0.4,NA,0.35,0.01,1.7,"",1.52,0.06,6.7,6.02,0.22,4.8,4.26,0.16
NA,NA,"01702085","ESW2-86a",45251,"100%",13,"",0,0,0,0,226,2017-05-01 00:15:00,2017-05-01 15:03:00,"",NA,NA,5.19,45251,"#REF!",2089,"",5901.3,217.8,24.3,NA,68.6,2.5,0.7,"",1.98,0.07,0.1,NA,0.28,0.01,10.4,"",29.38,1.08,0.37,NA,1.05,0.04,3.82,"",10.79,0.4,11.1,31.36,1.16,10.3,29.1,1.07
NA,NA,"01702086","ESW2-86b",10649,"100%",10,"",0,0,0,0,227,2017-05-01 15:04:00,2017-05-02 14:15:00,"",NA,NA,0.63,10649,"#REF!",346,"",230,8.5,51.3,NA,34.1,1.3,0.5,"",0.33,0.01,0.15,NA,0.1,0,4.02,"",2.67,0.1,0.5,NA,0.33,0.01,1.2,"",0.8,0.03,4.5,3,0.11,3.9,2.57,0.09
NA,NA,"01702384","ESW2-87",19213,"100%",10,"",0,0,0,0,228,2017-06-03 05:51:00,2017-06-03 13:15:00,"before blowouts - ok",NA,NA,9.45,19213,"#REF!",8010,"",9607.4,354.5,8,NA,9.6,0.4,14.5,"",17.39,0.64,0.82,NA,0.98,0.04,34,"",40.78,1.5,0.26,NA,0.31,0.01,8.13,"",9.75,0.36,48.5,58.17,2.15,33.2,39.8,1.47
NA,NA,"01702808","ESW2-88",45924,"100%",8,"sampled incorrectly",0,1,0,0,229,2017-06-03 20:51:00,2017-06-03 22:45:00,"Blowout. Splitting records included 1 bottle from ESW2-88",NA,NA,44.82,45924,"#REF!",18003,"",51613.3,1904.5,7.6,NA,21.8,0.8,9.9,"",28.38,1.05,0.89,NA,2.55,0.09,51.5,"",147.65,5.45,0.34,NA,0.98,0.04,20.2,"",57.91,2.14,61.4,176.03,6.5,50.6,145.1,5.35
NA,NA,"","",NA,"",NA,"",0,1,0,0,230,2017-06-03 22:58:00,2017-06-04 00:45:00,"peak < 1.95 feet",NA,NA,0.04,85,"#REF!",7794,"",41.5,1.5,2.9,NA,0,0,3.9,"",0.02,0,0.33,NA,0,0,24.5,"",0.13,0,0.37,NA,0,0,9.35,"",0.05,0,28.4,0.15,0.01,24.2,0.13,0
NA,NA,"01702809","ESW2-89",7497,"100%",7,"",0,0,0,0,231,2017-06-14 15:51:00,2017-06-14 19:45:00,"peak < 1.95 feet",NA,NA,5.32,7497,"#REF!",7794,"",3647.8,134.6,2.9,NA,1.4,0.1,3.9,"",1.83,0.07,0.33,NA,0.15,0.01,24.5,"",11.47,0.42,0.37,NA,0.17,0.01,9.35,"",4.38,0.16,28.4,13.29,0.49,24.2,11.31,0.42
NA,NA,"01702810","ESW2-90",3560,"100%",5,"",0,0,0,0,232,2017-06-18 04:57:00,2017-06-18 07:15:00,"peak < 1.95 feet",NA,NA,2.74,3560,"#REF!",7323,"",1627.4,60.1,3.2,NA,0.7,0,1.9,"",0.42,0.02,0.21,NA,0.05,0,22.7,"",5.04,0.19,0.25,NA,0.06,0,8.6,"",1.91,0.07,24.6,5.47,0.2,22.5,5,0.18
NA,NA,"01702811","ESW2-91",3446,"100%",5,"",0,0,0,0,233,2017-06-18 13:00:00,2017-06-18 16:00:00,"peak < 1.95 feet",NA,NA,2.76,3446,"#REF!",8279,"",1780.8,65.7,7.8,NA,1.7,0.1,10.8,"",2.32,0.09,0.31,NA,0.07,0,26.9,"",5.79,0.21,0.2,NA,0.04,0,9.84,"",2.12,0.08,37.7,8.11,0.3,26.6,5.72,0.21
NA,NA,"01702792","ESW2-92a",47991,"100%",14,"",0,1,0,0,234,2017-06-22 01:45:00,2017-06-22 04:29:00,"requested before rating was modified",NA,NA,35.98,47991,"#REF!",9018,"",27018.1,997,1.5,NA,4.5,0.2,2,"",5.99,0.22,0.21,NA,0.63,0.02,26.7,"",79.99,2.95,0.29,NA,0.86,0.03,10.4,"",31.16,1.15,28.7,85.99,3.17,26.5,79.36,2.93
NA,NA,"01702793","ESW2-92b",42989,"100%",10,"sampled incorrectly",0,1,0,0,235,2017-06-22 04:29:00,2017-06-22 08:30:00,"requested before rating was modified, also splitting record contains samples from following event.",NA,NA,33.36,42989,"#REF!",9831,"",26383.9,973.6,9.3,NA,25,0.9,5.2,"",13.96,0.51,0.23,NA,0.62,0.02,27.2,"",73,2.69,0.31,NA,0.83,0.03,10.3,"",27.64,1.02,32.4,86.95,3.21,27,72.38,2.67
NA,NA,"01702794","ESW2-93",64157,"100%",17,"",0,0,0,0,236,2017-06-22 16:47:00,2017-06-23 10:45:00,"peak < 1.95 feet",NA,NA,8.23,64157,"#REF!",2454,"",9828.8,362.7,29,NA,116.2,4.3,23,"",92.12,3.4,0.16,NA,0.64,0.02,11.7,"",46.86,1.73,0.43,NA,1.7,0.06,3.18,"",12.74,0.47,34.7,138.98,5.13,11.5,46.22,1.71
NA,NA,"","",NA,"0%",NA,"",0,1,0,0,237,2017-06-28 16:30:00,2017-06-28 19:00:00,"",NA,NA,1.07,1972,"#REF!",2454,"",302.1,11.1,29,NA,3.6,0.1,1.6,"",0.2,0.01,0.21,NA,0.03,0,8.48,"",1.04,0.04,0.43,NA,0.05,0,3.18,"",0.39,0.01,10.1,1.24,0.05,8.3,1.02,0.04
NA,NA,"","",NA,"0%",NA,"",0,1,0,0,238,2017-06-29 00:07:00,2017-06-29 04:15:00,"",NA,NA,0.15,254,"#REF!",2454,"",38.8,1.4,29,NA,0.5,0,1.6,"",0.03,0,0.21,NA,0,0,8.48,"",0.13,0,0.43,NA,0.01,0,3.18,"",0.05,0,10.1,0.16,0.01,8.3,0.13,0
NA,NA,"","",NA,"0%",NA,"",0,1,0,0,239,2017-07-02 09:34:00,2017-07-02 10:00:00,"",NA,NA,0.02,3,"#REF!",4644,"",0.8,0,7.8,NA,0,0,1.6,"",0,0,0.21,NA,0,0,8.48,"",0,0,0.27,NA,0,0,4.86,"",0,0,10.1,0,0,8.3,0,0
NA,NA,"01703302","ESW2-94",40801,"100%",7,"sampled incorreclty",0,1,0,0,240,2017-07-07 17:58:00,2017-07-07 21:15:00,"requested before rating was modified",NA,NA,29.98,40801,"#REF!",4644,"",11828.8,436.5,7.8,NA,19.9,0.7,0.1,"",0.25,0.01,0.91,NA,2.32,0.09,14.4,"",36.68,1.35,0.27,NA,0.69,0.03,4.86,"",12.38,0.46,14.5,36.93,1.36,13.5,34.36,1.27
NA,NA,"01703423","ESW2-95",44148,"100%",6,"",0,0,0,0,241,2017-07-15 20:45:00,2017-07-15 23:45:00,"",NA,NA,28.4,44148,"#REF!",2531,"",6975.6,257.4,2.3,NA,6.3,0.2,1.6,"",4.41,0.16,0.21,NA,0.58,0.02,8.48,"",23.37,0.86,0.29,NA,0.79,0.03,3.3,"",9.1,0.34,10.1,27.78,1.03,8.3,22.79,0.84
NA,NA,"","",NA,"0%",NA,"",0,1,0,0,242,2017-07-18 19:24:00,2017-07-18 21:45:00,"",NA,NA,3.59,4487,"#REF!",2531,"",708.9,26.2,2.3,NA,0.6,0,1.6,"",0.45,0.02,0.21,NA,0.06,0,8.48,"",2.38,0.09,0.29,NA,0.08,0,3.3,"",0.92,0.03,10.1,2.82,0.1,8.3,2.32,0.09
NA,NA,"","",NA,"0%",NA,"",0,1,0,0,243,2017-07-19 00:25:00,2017-07-19 01:45:00,"",NA,NA,0.16,104,"#REF!",2531,"",16.4,0.6,2.3,NA,0,0,1.6,"",0.01,0,0.21,NA,0,0,8.48,"",0.05,0,0.29,NA,0,0,3.3,"",0.02,0,10.1,0.07,0,8.3,0.05,0
NA,NA,"","",NA,"0%",NA,"",0,1,0,0,244,2017-11-17 20:45:00,2017-11-18 04:45:00,"",NA,NA,0.1,534,"0.01",479,"",16,0.6,26.6,NA,0.9,0,5.4,"",0.18,0.01,2.6,NA,0.09,0,7.98,"",0.27,0.01,2,NA,0.07,0,3,"",0.1,0,13.4,0.45,0.02,5.4,0.18,0.01
NA,NA,"","",NA,"0%",NA,"",0,1,0,0,245,2017-12-04 06:30:00,2017-12-04 09:00:00,"",NA,NA,0.02,37,"0.00",479,"",1.1,0,26.6,NA,0.1,0,5.4,"",0.01,0,2.6,NA,0.01,0,7.98,"",0.02,0,2,NA,0,0,3,"",0.01,0,13.4,0.03,0,5.4,0.01,0
NA,NA,"","",2324,"100%",5,"",0,0,0,1,246,2018-01-11 04:00:00,2018-01-11 22:30:00,"",NA,NA,0.1,2324,"0.02",479,"",69.5,2.6,26.6,NA,3.9,0.1,5.4,"",0.78,0.03,2.6,NA,0.38,0.01,7.98,"",1.16,0.04,2,NA,0.29,0.01,3,"",0.44,0.02,13.4,1.94,0.07,5.4,0.78,0.03
NA,NA,"1800504","ESW2-96",23096,"100%",11,"",0,0,0,1,247,2018-01-22 05:45:00,2018-01-22 21:03:00,"",NA,NA,1.95,23096,"0.23",479,"",690.6,25.5,26.6,NA,38.4,1.4,5.4,"",7.79,0.29,2.6,NA,3.75,0.14,7.98,"",11.51,0.42,2,NA,2.88,0.11,3,"",4.33,0.16,13.4,19.29,0.71,5.4,7.76,0.29
NA,NA,"","",NA,"0%",NA,"",0,1,0,1,248,2018-01-25 14:30:00,2018-01-26 00:00:00,"",NA,NA,0.02,181,"0.00",105,"",1.2,0,38.2,NA,0.4,0,5.9,"",0.07,0,3.23,NA,0.04,0,7.35,"",0.08,0,1.9,NA,0.02,0,2.3,"",0.03,0,13.3,0.15,0.01,4.1,0.05,0
NA,NA,"1800505","ESW2-97",2695,"100%",15,"",0,0,0,1,249,2018-01-26 10:45:00,2018-01-27 21:00:00,"",NA,NA,0.1,2695,"0.03",105,"",17.7,0.7,38.2,NA,6.4,0.2,5.9,"",0.99,0.04,3.23,NA,0.54,0.02,7.35,"",1.24,0.05,1.9,NA,0.32,0.01,2.3,"",0.39,0.01,13.3,2.23,0.08,4.1,0.69,0.03
NA,NA,"1800752","ESW2-98",11156,"100%",4,"",0,0,0,1,250,2018-02-15 10:00:00,2018-02-16 01:20:00,"",NA,NA,1,11156,"0.11",287,"",199.9,7.4,21.3,NA,14.8,0.5,3.7,"",2.58,0.1,2.41,NA,1.68,0.06,6.44,"",4.49,0.17,1.5,NA,1.04,0.04,2.1,"",1.46,0.05,10.1,7.06,0.26,4,2.81,0.1
NA,NA,"","",NA,"0%",NA,"",0,1,0,1,251,2018-02-20 05:45:00,2018-02-20 21:16:00,"",NA,NA,2.1,38392,"0.39",287,"",687.9,25.4,21.3,NA,51.1,1.9,3.7,"",0.12,0,2.41,NA,5.78,0.21,6.44,"",15.44,0.57,1.5,NA,3.6,0.13,2.1,"",5.03,0.19,10.1,24.3,0.9,4,9.66,0.36
NA,NA,"1800753","ESW2-99",10065,"100%",5,"",0,0,0,1,252,2018-02-23 05:49:00,2018-02-23 20:33:00,"",NA,NA,0.48,10065,"0.10",189,"",118.8,4.4,20,NA,12.6,0.5,4.2,"",0.03,0,2.11,NA,1.33,0.05,5.99,"",3.76,0.14,1.5,NA,0.94,0.03,2,"",1.26,0.05,10.2,6.4,0.24,3.9,2.44,0.09
NA,NA,"","",NA,"0%",NA,"",0,1,0,1,253,2018-02-24 11:37:00,2018-02-24 19:00:00,"",NA,NA,0.04,460,"0.00",189,"",5.4,0.2,20,NA,0.6,0,4.2,"",0.12,0,2.11,NA,0.06,0,5.99,"",0.17,0.01,1.5,NA,0.04,0,2,"",0.06,0,10.2,0.29,0.01,3.9,0.11,0
NA,NA,"1800754","ESW2-100",30140,"100%",6,"",0,0,0,1,254,2018-02-24 21:00:00,2018-02-25 05:25:00,"",NA,NA,5.43,30140,"0.31",3942,"",7417.1,273.7,23.9,NA,45,1.7,5.2,"",9.78,0.36,2.35,NA,4.42,0.16,18.3,"",34.43,1.27,1.57,NA,2.95,0.11,7.21,"",13.57,0.5,23.5,44.22,1.63,16,30.01,1.11
NA,NA,"","",NA,"0%",NA,"",0,1,0,0,255,2018-03-26 23:55:00,2018-03-27 08:45:00,"",NA,NA,0,14,"0.00",63,"",0.1,0,50.2,NA,0,0,6.2,"",0,0,0.21,NA,0,0,2.88,"",0,0,0.108,NA,0,0,0.322,"",0,0,9.1,0.01,0,2.7,0,0
NA,NA,"","",NA,"0%",NA,"",0,1,0,0,256,2018-03-31 08:11:00,2018-03-31 18:45:00,"",NA,NA,0.01,55,"0.00",63,"",0.2,0,50.2,NA,0.2,0,6.2,"",0.02,0,0.21,NA,0,0,2.88,"",0.01,0,0.108,NA,0,0,0.322,"",0,0,9.1,0.03,0,2.7,0.01,0
NA,NA,"1801486","ESW2-101",1198,"100%",3,"",0,0,0,0,257,2018-04-11 08:15:00,2018-04-12 13:12:00,"",NA,NA,0.11,1198,"0.01",63,"",4.7,0.2,50.2,NA,3.8,0.1,6.2,"",0.46,0.02,0.21,NA,0.02,0,2.88,"",0.22,0.01,0.11,NA,0.01,0,0.322,"",0.02,0,9.1,0.68,0.03,2.7,0.2,0.01
NA,NA,"","",NA,"0%",NA,"",0,1,0,0,258,2018-04-12 13:12:00,2018-04-13 06:19:00,"",NA,NA,0,26,"0.00",63,"",0.1,0,50.2,NA,0.1,0,6.2,"",0.01,0,0.21,NA,0,0,2.88,"",0,0,0.108,NA,0,0,0.322,"",0,0,9.1,0.01,0,2.7,0,0
NA,NA,"1801487","ESW2-102",4687,"100%",8,"",0,0,0,0,259,2018-04-13 06:19:00,2018-04-14 02:03:00,"",NA,NA,0.41,4687,"0.05",1028,"",300.8,11.1,91.7,NA,26.8,1,19.8,"",5.79,0.21,0.7,NA,0.2,0.01,11.3,"",3.31,0.12,0.38,NA,0.11,0,2.55,"",0.75,0.03,31.1,9.1,0.34,10.6,3.1,0.11
NA,NA,"","",NA,"0%",NA,"",0,1,0,0,260,2018-04-17 13:10:00,2018-04-20 07:23:00,"",NA,NA,0.09,4822,"0.05",49,"",14.7,0.5,112,NA,33.7,1.2,40.8,"",12.28,0.45,0.82,NA,0.25,0.01,4.47,"",1.35,0.05,0.599,NA,0.18,0.01,0.733,"",0.22,0.01,45.3,13.63,0.5,3.7,1.1,0.04
NA,NA,"","",NA,"0%",NA,"",0,1,0,0,261,2018-04-20 07:23:00,2018-04-21 07:31:00,"",NA,NA,0.33,12796,"0.13",49,"",39.1,1.4,112,NA,89.5,3.3,40.8,"",32.59,1.2,0.82,NA,0.66,0.02,4.47,"",3.57,0.13,0.599,NA,0.48,0.02,0.733,"",0.59,0.02,45.3,36.16,1.33,3.7,2.92,0.11
NA,NA,"1801507","ESW2-103",29640,"100%",7,"",0,0,0,0,262,2018-04-21 07:31:00,2018-04-22 07:01:00,"",NA,NA,0.85,29640,"0.30",49,"",90.7,3.3,112,NA,207.2,7.6,40.8,"",75.5,2.79,0.82,NA,1.52,0.06,4.47,"",8.27,0.31,0.6,NA,1.11,0.04,0.733,"",1.36,0.05,45.3,83.77,3.09,3.7,6.75,0.25
NA,NA,"1801508","ESW2-104",79133,"100%",7,"",0,0,0,0,263,2018-04-22 07:01:00,2018-04-23 06:22:00,"",NA,NA,3.04,79133,"0.80",387,"",1911.8,70.5,93.8,NA,463.4,17.1,40.9,"",202.05,7.46,0.77,NA,3.8,0.14,5.17,"",25.54,0.94,0.72,NA,3.54,0.13,1.25,"",6.18,0.23,46.1,227.59,8.4,4.4,21.74,0.8
NA,NA,"1801523","ESW2-105",58893,"100%",14,"",0,0,0,0,264,2018-04-23 06:22:00,2018-04-26 17:30:00,"",NA,NA,1.87,58893,"0.60",172,"",632.4,23.3,100,NA,367.7,13.6,44.1,"",162.14,5.98,0.75,NA,2.76,0.1,5.22,"",19.19,0.71,0.75,NA,2.75,0.1,1.07,"",3.93,0.15,49.3,181.33,6.69,4.5,16.43,0.61
NA,NA,"","",NA,"0%",NA,"don't use, heavy sediment affected flume",0,1,1,0,265,2018-04-27 00:20:00,2018-04-27 11:00:00,"",NA,NA,0,16,"0.00",172,"",0.2,0,100,NA,0.1,0,44.1,"",0.04,0,0.75,NA,0,0,5.22,"",0.01,0,0.747,NA,0,0,1.07,"",0,0,49.3,0.05,0,4.5,0,0
NA,NA,"","",NA,"0%",NA,"don't use, heavy sediment affected flume",0,1,1,0,266,2018-05-01 22:50:00,2018-05-03 20:31:00,"",NA,NA,1.19,14592,"0.15",387,"",352.5,13,93.8,NA,85.4,3.2,40.9,"",37.26,1.37,0.77,NA,0.7,0.03,5.17,"",4.71,0.17,0.717,NA,0.65,0.02,1.25,"",1.14,0.04,46.1,41.97,1.55,4.4,4.01,0.15
NA,NA,"","",NA,"0%",NA,"don't use, heavy sediment affected flume",0,1,1,0,267,2018-05-03 20:31:00,2018-05-06 00:45:00,"",NA,NA,9.31,146985,"1.49",387,"",3551.1,131,93.8,NA,860.7,31.8,40.9,"",375.3,13.85,0.77,NA,7.07,0.26,5.17,"",47.44,1.75,0.717,NA,6.58,0.24,1.25,"",11.47,0.42,46.1,422.74,15.6,4.4,40.37,1.49
NA,NA,"","",NA,"0%",NA,"don't use, heavy sediment affected flume",0,1,1,0,268,2018-05-06 00:45:00,2018-05-06 16:14:00,"",NA,NA,0.05,797,"0.01",387,"",19.3,0.7,93.8,NA,4.7,0.2,40.9,"",2.04,0.08,0.77,NA,0.04,0,5.17,"",0.26,0.01,0.717,NA,0.04,0,1.25,"",0.06,0,46.1,2.29,0.08,4.4,0.22,0.01
NA,NA,"","",NA,"0%",NA,"don't use, heavy sediment affected flume",0,1,1,0,269,2018-05-09 07:30:00,2018-05-09 20:50:00,"",NA,NA,1.77,11509,"0.12",387,"",278.1,10.3,93.8,NA,67.4,2.5,40.9,"",29.39,1.08,0.77,NA,0.55,0.02,5.17,"",3.71,0.14,0.717,NA,0.52,0.02,1.25,"",0.9,0.03,46.1,33.1,1.22,4.4,3.16,0.12
NA,NA,"","",NA,"0%",NA,"don't use, heavy sediment affected flume",0,1,1,0,270,2018-05-09 20:50:00,2018-05-11 06:05:00,"",NA,NA,0.16,3884,"0.04",387,"",93.8,3.5,93.8,NA,22.7,0.8,40.9,"",9.92,0.37,0.77,NA,0.19,0.01,5.17,"",1.25,0.05,0.717,NA,0.17,0.01,1.25,"",0.3,0.01,46.1,11.17,0.41,4.4,1.07,0.04
NA,NA,"","",NA,"0%",NA,"don't use, heavy sediment affected flume",0,1,1,0,271,2018-05-11 10:30:00,2018-05-12 15:00:00,"",NA,NA,0.18,2498,"0.03",387,"",60.4,2.2,93.8,NA,14.6,0.5,40.9,"",6.38,0.24,0.77,NA,0.12,0,5.17,"",0.81,0.03,0.717,NA,0.11,0,1.25,"",0.19,0.01,46.1,7.18,0.27,4.4,0.69,0.03
NA,NA,"","",NA,"#DIV/0!",NA,"don't use, heavy sediment affected flume",0,1,1,0,272,2018-05-12 19:00:00,2018-05-13 12:00:00,"",NA,NA,0,0,"0.00",387,"",0,0,93.8,NA,0,0,40.9,"",0,0,0.77,NA,0,0,5.17,"",0,0,0.717,NA,0,0,1.25,"",0,0,46.1,0,0,4.4,0,0
NA,NA,"","",NA,"0%",NA,"don't use, heavy sediment affected flume",0,1,1,0,273,2018-05-15 00:15:00,2018-05-15 10:45:00,"",NA,NA,0.02,192,"0.00",387,"",4.6,0.2,93.8,NA,1.1,0,40.9,"",0.49,0.02,0.77,NA,0.01,0,5.17,"",0.06,0,0.717,NA,0.01,0,1.25,"",0.02,0,46.1,0.55,0.02,4.4,0.05,0
NA,NA,"","",NA,"0%",NA,"don't use, heavy sediment affected flume",0,1,1,0,274,2018-06-02 23:40:00,2018-06-03 02:15:00,"",NA,NA,0.01,22,"0.00",387,"",0.5,0,93.8,NA,0.1,0,40.9,"",0.06,0,0.77,NA,0,0,5.17,"",0.01,0,0.717,NA,0,0,1.25,"",0,0,46.1,0.06,0,4.4,0.01,0
NA,NA,"","",NA,"0%",NA,"don't use, heavy sediment affected flume",0,1,1,0,275,2018-06-15 21:11:00,2018-06-16 00:00:00,"",NA,NA,0.01,19,"0.00",387,"",0.5,0,93.8,NA,0.1,0,40.9,"",0.05,0,0.77,NA,0,0,5.17,"",0.01,0,0.717,NA,0,0,1.25,"",0,0,46.1,0.06,0,4.4,0.01,0
NA,NA,"","",NA,"0%",NA,"don't use, heavy sediment affected flume",0,1,1,0,276,2018-06-18 00:31:00,2018-06-18 14:53:00,"",NA,NA,17.51,130423,"1.33",387,"",3151,116.3,93.8,NA,763.7,28.2,40.9,"",333.01,12.29,0.77,NA,6.27,0.23,5.17,"",42.09,1.55,0.717,NA,5.84,0.22,1.25,"",10.18,0.38,46.1,375.1,13.84,4.4,35.83,1.32
NA,NA,"","",NA,"0%",NA,"don't use, heavy sediment affected flume",0,1,1,0,277,2018-06-18 14:53:00,2018-06-20 15:30:00,"",NA,NA,0.22,4434,"0.05",387,"",107.1,4,93.8,NA,26,1,40.9,"",11.32,0.42,0.77,NA,0.21,0.01,5.17,"",1.43,0.05,0.717,NA,0.2,0.01,1.25,"",0.35,0.01,46.1,12.75,0.47,4.4,1.22,0.04
NA,NA,"01804803","ESW2-106A",52382,"100%",21,"",0,0,0,0,278,2018-08-28 16:02:00,2018-08-28 18:56:00,"",NA,NA,14.71,52382,"0.53",281,"",918.9,33.9,7.5,NA,24.5,0.9,1.2,"",3.92,0.14,0.1,NA,0.33,0.01,2.14,"",7,0.26,0.54,NA,1.78,0.07,0.921,"",3.01,0.11,3.3,10.92,0.4,2,6.67,0.25
NA,NA,"01804804","ESW2-106B",7819,"100%",5,"",0,0,0,0,279,2018-08-28 18:56:00,2018-08-28 22:03:00,"",NA,NA,1.68,7819,"0.08",57,"",27.8,1,34.8,NA,17,0.6,2.8,"",1.37,0.05,0.09,NA,0.04,0,3.29,"",1.61,0.06,0.81,NA,0.39,0.01,0.971,"",0.47,0.02,6.1,2.97,0.11,3.2,1.56,0.06
NA,NA,"01804805","ESW2-106C",6639,"100%",10,"",0,0,0,0,280,2018-08-28 22:03:00,2018-08-29 05:37:00,"",NA,NA,0.79,6639,"0.07",29,"",12,0.4,45.2,NA,18.7,0.7,1.9,"",0.79,0.03,0.08,NA,0.03,0,3.5,"",1.45,0.05,0.81,NA,0.34,0.01,0.932,"",0.39,0.01,5.4,2.24,0.08,3.4,1.42,0.05
NA,NA,"01804806","ESW2-106D",1129,"100%",4,"",0,0,0,0,281,2018-08-29 05:37:00,2018-08-30 12:00:00,"",NA,NA,0.1,1129,"0.01",4,"",0.3,0,60.9,NA,4.3,0.2,0.5,"",0.04,0,0.07,NA,0,0,3.19,"",0.22,0.01,0.68,NA,0.05,0,0.727,"",0.05,0,3.7,0.26,0.01,3.1,0.22,0.01
NA,NA,"01804817","ESW2-107",150972,"100%",24,"",0,0,0,0,282,2018-09-03 22:28:00,2018-09-04 12:52:00,"",NA,NA,17.37,150972,"1.53",567,"",5343.9,197.2,12.7,NA,119.7,4.4,1.8,"",16.96,0.63,0.09,NA,0.85,0.03,4.71,"",44.39,1.64,0.88,NA,8.3,0.31,1.9,"",17.91,0.66,6.5,61.36,2.26,4.6,43.54,1.61
NA,NA,"01804818","ESW2-1992",NA,"0%",1,"",1,0,0,0,283,2018-09-04 12:52:00,2018-09-05 05:00:00,"",NA,NA,0.04,508,"0.01",12,"",0.4,0,40.7,NA,1.3,0,0.2,"",0.01,0,0.07,NA,0,0,3.23,"",0.1,0,0.76,NA,0.02,0,0.818,"",0.03,0,3.4,0.11,0,3.2,0.1,0
NA,NA,"01804819","ESW2-108",18107,"100%",16,"",0,0,0,0,284,2018-09-05 05:00:00,2018-09-05 21:46:00,"",NA,NA,1.42,18107,"0.18",51,"",57.7,2.1,31.8,NA,35.9,1.3,0.1,"<",0.06,0,0.08,NA,0.09,0,3.13,"",3.54,0.13,0.96,NA,1.09,0.04,1.1,"",1.24,0.05,3.2,3.59,0.13,3.1,3.45,0.13
NA,NA,"01804820","ESW2-2009",NA,"0%",1,"",1,0,0,0,285,2018-09-05 21:46:00,2018-09-06 16:00:00,"",NA,NA,0.02,411,"0.00",4,"<",0.1,0,43.5,NA,1.1,0,0.1,"<",0,0,0.03,NA,0,0,3.21,"",0.08,0,0.72,NA,0.02,0,0.739,"",0.02,0,3.3,0.08,0,3.2,0.08,0
NA,NA,"","",NA,"0%",NA,"",0,1,0,0,286,2018-09-17 22:00:00,2018-09-17 23:00:00,"",NA,NA,0.02,30,"0.00",4,"<",0,0,43.5,NA,0.1,0,0.1,"<",0,0,0.03,NA,0,0,3.21,"",0.01,0,0.717,NA,0,0,0.739,"",0,0,3.3,0.01,0,3.2,0.01,0
NA,NA,"01805029","ESW2-109",7904,"100%",4,"",0,0,0,0,287,2018-09-21 01:30:00,2018-09-21 08:30:00,"",NA,NA,1.78,7904,"0.08",2710,"",1337.3,49.3,15.7,NA,7.7,0.3,0.2,"",0.1,0,0.07,NA,0.03,0,12.9,"",6.37,0.23,1.2,NA,0.59,0.02,5.9,"",2.91,0.11,13.1,6.46,0.24,12.8,6.33,0.23
NA,NA,"","ESW2-25 grab",NA,"",NA,"",1,1,0,0,112,NA,NA,"",NA,NA,0.34,0,"#REF!",2840,"",1579.3,58.3,20.9,NA,11.6,0.4,1.8,"",1,0.04,0.3,NA,0.18,0.01,14.9,"",8.29,0.31,0.3,NA,0.18,0.01,5.38,"",2.99,0.11,16.7,9.29,0.34,14.6,8.11,0.3
NA,NA,"","ESW2-2288",NA,"",NA,"",1,1,0,0,113,NA,NA,"",NA,NA,0.34,0,"#REF!",3228,"",3336,123.1,19.5,NA,20.2,0.7,2.2,"",2.27,0.08,0.4,NA,0.45,0.02,15.7,"",16.23,0.6,0.5,NA,0.48,0.02,5.73,"",5.92,0.22,17.9,18.5,0.68,15.3,15.77,0.58
NA,NA,"","",NA,"",NA,"",NA,NA,NA,NA,NA,NA,NA,"",NA,NA,NA,NA,"",NA,"",NA,NA,NA,NA,NA,NA,NA,"",NA,NA,NA,NA,NA,NA,NA,"",NA,NA,NA,NA,NA,NA,NA,"",NA,NA,NA,NA,NA,NA,NA,NA
NA,NA,"","",NA,"",NA,"",NA,NA,NA,NA,NA,NA,NA,"",NA,NA,NA,NA,"",NA,"",NA,NA,NA,NA,NA,NA,NA,"",NA,NA,NA,NA,NA,NA,NA,"",NA,NA,NA,NA,NA,NA,NA,"",NA,NA,NA,NA,NA,NA,NA,NA
NA,NA,"","",NA,"",NA,"",NA,NA,NA,NA,NA,NA,NA,"",NA,NA,NA,NA,"",NA,"",NA,NA,NA,NA,NA,NA,NA,"",NA,NA,NA,NA,NA,NA,NA,"",NA,NA,NA,NA,NA,NA,NA,"",NA,NA,NA,NA,NA,NA,NA,NA
